obstruction_id,closure_road,edge_number,osm_id,osm_road_name,fclass,match_class,length_m
12106,Broadarrow 4Wd Track,1,358292767,Broadarrow Track,track_grade4,TARGET,82.70546535750576
12106,Broadarrow 4Wd Track,2,358292767,Broadarrow Track,track_grade4,TARGET,286.0914512878296
12106,Broadarrow 4Wd Track,3,358292767,Broadarrow Track,track_grade4,TARGET,146.1085384226665
12106,Broadarrow 4Wd Track,4,358292767,Broadarrow Track,track_grade4,TARGET,63.43671649760412
12106,Broadarrow 4Wd Track,5,358292767,Broadarrow Track,track_grade4,TARGET,74.42110520548874
12106,Broadarrow 4Wd Track,6,358292767,Broadarrow Track,track_grade4,TARGET,56.91838543036626
12106,Broadarrow 4Wd Track,7,358292767,Broadarrow Track,track_grade4,TARGET,67.03034685875299
12106,Broadarrow 4Wd Track,8,358292767,Broadarrow Track,track_grade4,TARGET,29.79364361735355
12106,Broadarrow 4Wd Track,9,358292767,Broadarrow Track,track_grade4,TARGET,74.95907216608117
12106,Broadarrow 4Wd Track,10,358292767,Broadarrow Track,track_grade4,TARGET,36.89544416319344
12106,Broadarrow 4Wd Track,11,358292767,Broadarrow Track,track_grade4,TARGET,48.895583645126976
12106,Broadarrow 4Wd Track,12,358292767,Broadarrow Track,track_grade4,TARGET,148.40665281590236
12106,Broadarrow 4Wd Track,13,358292767,Broadarrow Track,track_grade4,TARGET,84.94407101143375
12106,Broadarrow 4Wd Track,14,358292767,Broadarrow Track,track_grade4,TARGET,69.55684366042316
12106,Broadarrow 4Wd Track,15,358292767,Broadarrow Track,track_grade4,TARGET,100.65339437893097
12106,Broadarrow 4Wd Track,16,358292767,Broadarrow Track,track_grade4,TARGET,77.57824566203138
12106,Broadarrow 4Wd Track,17,358292767,Broadarrow Track,track_grade4,TARGET,221.8820966189006
12106,Broadarrow 4Wd Track,18,358292767,Broadarrow Track,track_grade4,TARGET,101.46479832923886
12106,Broadarrow 4Wd Track,19,358292767,Broadarrow Track,track_grade4,TARGET,162.57973920517776
12106,Broadarrow 4Wd Track,20,358292767,Broadarrow Track,track_grade4,TARGET,103.82656500142282
12106,Broadarrow 4Wd Track,21,358292767,Broadarrow Track,track_grade4,TARGET,148.9290602938608
12106,Broadarrow 4Wd Track,22,358292767,Broadarrow Track,track_grade4,TARGET,215.62564341933725
12106,Broadarrow 4Wd Track,23,358292767,Broadarrow Track,track_grade4,TARGET,135.96046851934432
12106,Broadarrow 4Wd Track,24,358292767,Broadarrow Track,track_grade4,TARGET,102.66654226180604
12106,Broadarrow 4Wd Track,25,358292767,Broadarrow Track,track_grade4,TARGET,122.10502733305906
12106,Broadarrow 4Wd Track,26,358292767,Broadarrow Track,track_grade4,TARGET,18.523784710457118
12106,Broadarrow 4Wd Track,27,358292767,Broadarrow Track,track_grade4,TARGET,48.24475308253459
12106,Broadarrow 4Wd Track,28,358292767,Broadarrow Track,track_grade4,TARGET,11.829898562517684
12106,Broadarrow 4Wd Track,29,358292767,Broadarrow Track,track_grade4,TARGET,105.59394111404762
12106,Broadarrow 4Wd Track,30,358292767,Broadarrow Track,track_grade4,TARGET,53.43996444607702
12106,Broadarrow 4Wd Track,31,358292767,Broadarrow Track,track_grade4,TARGET,123.572566939522
12106,Broadarrow 4Wd Track,32,358292767,Broadarrow Track,track_grade4,TARGET,71.26801316146123
12106,Broadarrow 4Wd Track,33,358292767,Broadarrow Track,track_grade4,TARGET,74.52649595945788
12106,Broadarrow 4Wd Track,34,358292767,Broadarrow Track,track_grade4,TARGET,95.8439904219422
12106,Broadarrow 4Wd Track,35,358292767,Broadarrow Track,track_grade4,TARGET,73.4476990791707
12106,Broadarrow 4Wd Track,36,358292767,Broadarrow Track,track_grade4,TARGET,39.92238720301466
12106,Broadarrow 4Wd Track,37,358292767,Broadarrow Track,track_grade4,TARGET,41.00727008713506
12106,Broadarrow 4Wd Track,38,358292767,Broadarrow Track,track_grade4,TARGET,50.1377951252019
12106,Broadarrow 4Wd Track,39,358292767,Broadarrow Track,track_grade4,TARGET,76.05379214739337
12106,Broadarrow 4Wd Track,40,358292767,Broadarrow Track,track_grade4,TARGET,176.6206386580316
12106,Broadarrow 4Wd Track,41,358292767,Broadarrow Track,track_grade4,TARGET,78.61531784582563
12106,Broadarrow 4Wd Track,42,358292767,Broadarrow Track,track_grade4,TARGET,32.5865800598924
12106,Broadarrow 4Wd Track,43,358292767,Broadarrow Track,track_grade4,TARGET,83.50000000003725
12106,Broadarrow 4Wd Track,44,358292767,Broadarrow Track,track_grade4,TARGET,74.10478054754246
12106,Broadarrow 4Wd Track,45,358292767,Broadarrow Track,track_grade4,TARGET,77.05043153674453
12106,Broadarrow 4Wd Track,46,358292767,Broadarrow Track,track_grade4,TARGET,96.96632456672123
12106,Broadarrow 4Wd Track,47,358292767,Broadarrow Track,track_grade4,TARGET,94.55987574021991
12106,Broadarrow 4Wd Track,48,358292767,Broadarrow Track,track_grade4,TARGET,126.50286953261568
12106,Broadarrow 4Wd Track,49,358292767,Broadarrow Track,track_grade4,TARGET,160.98392994349186
12106,Broadarrow 4Wd Track,50,358292767,Broadarrow Track,track_grade4,TARGET,145.75629145936492
12106,Broadarrow 4Wd Track,51,358292767,Broadarrow Track,track_grade4,TARGET,78.03477750342275
12106,Broadarrow 4Wd Track,52,358292767,Broadarrow Track,track_grade4,TARGET,93.62951350919886
12106,Broadarrow 4Wd Track,53,358292767,Broadarrow Track,track_grade4,TARGET,61.39990309451667
12106,Broadarrow 4Wd Track,54,358292767,Broadarrow Track,track_grade4,TARGET,54.932064406817595
12106,Broadarrow 4Wd Track,55,358292767,Broadarrow Track,track_grade4,TARGET,138.54093546668312
12106,Broadarrow 4Wd Track,56,358292767,Broadarrow Track,track_grade4,TARGET,54.94872246025032
12106,Broadarrow 4Wd Track,57,358292767,Broadarrow Track,track_grade4,TARGET,122.95407313283356
12106,Broadarrow 4Wd Track,58,358292767,Broadarrow Track,track_grade4,TARGET,59.26681449177854
12106,Broadarrow 4Wd Track,59,358292767,Broadarrow Track,track_grade4,TARGET,79.63003704634966
12106,Broadarrow 4Wd Track,60,358292767,Broadarrow Track,track_grade4,TARGET,70.09378360463943
12106,Broadarrow 4Wd Track,61,358292767,Broadarrow Track,track_grade4,TARGET,31.728871710105114
12106,Broadarrow 4Wd Track,62,358292767,Broadarrow Track,track_grade4,TARGET,32.448021511211955
12106,Broadarrow 4Wd Track,63,358292767,Broadarrow Track,track_grade4,TARGET,36.460703503947855
12106,Broadarrow 4Wd Track,64,358292767,Broadarrow Track,track_grade4,TARGET,12.985010589156579
12106,Broadarrow 4Wd Track,65,358292767,Broadarrow Track,track_grade4,TARGET,51.329299625001376
12106,Broadarrow 4Wd Track,66,358292767,Broadarrow Track,track_grade4,TARGET,61.53171539948645
12106,Broadarrow 4Wd Track,67,358292767,Broadarrow Track,track_grade4,TARGET,60.780280519224064
12106,Broadarrow 4Wd Track,68,358292767,Broadarrow Track,track_grade4,TARGET,42.15267963010691
12106,Broadarrow 4Wd Track,69,358292767,Broadarrow Track,track_grade4,TARGET,47.20509506413338
12106,Broadarrow 4Wd Track,70,358292767,Broadarrow Track,track_grade4,TARGET,52.10884761720651
12106,Broadarrow 4Wd Track,71,358292767,Broadarrow Track,track_grade4,TARGET,31.17057907699753
12106,Broadarrow 4Wd Track,72,358292767,Broadarrow Track,track_grade4,TARGET,94.1659710298834
12106,Broadarrow 4Wd Track,73,358292767,Broadarrow Track,track_grade4,TARGET,28.03776381948567
12106,Broadarrow 4Wd Track,74,358292767,Broadarrow Track,track_grade4,TARGET,17.49555372088815
12106,Broadarrow 4Wd Track,75,358292767,Broadarrow Track,track_grade4,TARGET,85.05363249151918
12106,Broadarrow 4Wd Track,76,358292767,Broadarrow Track,track_grade4,TARGET,27.43184281091611
12106,Broadarrow 4Wd Track,77,358292767,Broadarrow Track,track_grade4,TARGET,45.38190939123715
12106,Broadarrow 4Wd Track,78,358292767,Broadarrow Track,track_grade4,TARGET,87.6325567354798
12106,Broadarrow 4Wd Track,79,358292767,Broadarrow Track,track_grade4,TARGET,79.47942878505282
12106,Broadarrow 4Wd Track,80,358292767,Broadarrow Track,track_grade4,TARGET,78.00959235895479
12106,Broadarrow 4Wd Track,81,358292767,Broadarrow Track,track_grade4,TARGET,78.65228922287162
12106,Broadarrow 4Wd Track,82,358292767,Broadarrow Track,track_grade4,TARGET,42.69070156368645
12106,Broadarrow 4Wd Track,83,358292767,Broadarrow Track,track_grade4,TARGET,44.13989238774
12106,Broadarrow 4Wd Track,84,358292767,Broadarrow Track,track_grade4,TARGET,49.778985525999616
12106,Broadarrow 4Wd Track,85,358292767,Broadarrow Track,track_grade4,TARGET,40.92065493122025
12106,Broadarrow 4Wd Track,86,358292767,Broadarrow Track,track_grade4,TARGET,30.89699176298427
12106,Broadarrow 4Wd Track,87,358292767,Broadarrow Track,track_grade4,TARGET,44.005131518912776
12106,Broadarrow 4Wd Track,88,358292767,Broadarrow Track,track_grade4,TARGET,27.497645353724042
12106,Broadarrow 4Wd Track,89,358292767,Broadarrow Track,track_grade4,TARGET,20.736000096519074
12106,Broadarrow 4Wd Track,90,358292767,Broadarrow Track,track_grade4,TARGET,27.021844866710666
12106,Broadarrow 4Wd Track,91,358292767,Broadarrow Track,track_grade4,TARGET,54.837805390101074
12106,Broadarrow 4Wd Track,92,358292767,Broadarrow Track,track_grade4,TARGET,31.815229057766615
12106,Broadarrow 4Wd Track,93,358292767,Broadarrow Track,track_grade4,TARGET,40.92565210234467
12106,Broadarrow 4Wd Track,94,358292767,Broadarrow Track,track_grade4,TARGET,48.73219264500212
12106,Broadarrow 4Wd Track,95,358292767,Broadarrow Track,track_grade4,TARGET,80.69319983742574
12106,Broadarrow 4Wd Track,96,358292767,Broadarrow Track,track_grade4,TARGET,76.03237336821176
12106,Broadarrow 4Wd Track,97,358292767,Broadarrow Track,track_grade4,TARGET,84.4820744300505
12106,Broadarrow 4Wd Track,98,358292767,Broadarrow Track,track_grade4,TARGET,66.46218849841382
12106,Broadarrow 4Wd Track,99,358292767,Broadarrow Track,track_grade4,TARGET,31.168423123410726
12106,Broadarrow 4Wd Track,100,358292767,Broadarrow Track,track_grade4,TARGET,75.38492753866677
12106,Broadarrow 4Wd Track,101,358292767,Broadarrow Track,track_grade4,TARGET,45.51743951496415
12106,Broadarrow 4Wd Track,102,358292767,Broadarrow Track,track_grade4,TARGET,50.908162410395526
12106,Broadarrow 4Wd Track,103,358292767,Broadarrow Track,track_grade4,TARGET,28.35394328831488
12106,Broadarrow 4Wd Track,104,358292767,Broadarrow Track,track_grade4,TARGET,28.49329043828784
12106,Broadarrow 4Wd Track,105,358292767,Broadarrow Track,track_grade4,TARGET,28.540548347913827
12106,Broadarrow 4Wd Track,106,358292767,Broadarrow Track,track_grade4,TARGET,40.763239567011496
12106,Broadarrow 4Wd Track,107,358292767,Broadarrow Track,track_grade4,TARGET,34.054240558307
12106,Broadarrow 4Wd Track,108,358292767,Broadarrow Track,track_grade4,TARGET,27.790510970473356
12106,Broadarrow 4Wd Track,109,358292767,Broadarrow Track,track_grade4,TARGET,43.0880830392875
12106,Broadarrow 4Wd Track,110,358292767,Broadarrow Track,track_grade4,TARGET,50.25491219767691
12106,Broadarrow 4Wd Track,111,358292767,Broadarrow Track,track_grade4,TARGET,38.07942882971573
12106,Broadarrow 4Wd Track,112,358292767,Broadarrow Track,track_grade4,TARGET,28.20474605456059
12106,Broadarrow 4Wd Track,113,358292767,Broadarrow Track,track_grade4,TARGET,69.36591742351501
12106,Broadarrow 4Wd Track,114,358292767,Broadarrow Track,track_grade4,TARGET,34.37413271628578
12106,Broadarrow 4Wd Track,115,358292767,Broadarrow Track,track_grade4,TARGET,77.66757495890919
12106,Broadarrow 4Wd Track,116,358292767,Broadarrow Track,track_grade4,TARGET,46.4180062045526
12106,Broadarrow 4Wd Track,117,358292767,Broadarrow Track,track_grade4,TARGET,58.585721810009375
12106,Broadarrow 4Wd Track,118,358292767,Broadarrow Track,track_grade4,TARGET,38.52584067868051
12106,Broadarrow 4Wd Track,119,358292767,Broadarrow Track,track_grade4,TARGET,46.61194696641856
12106,Broadarrow 4Wd Track,120,358292767,Broadarrow Track,track_grade4,TARGET,97.48985229244118
12106,Broadarrow 4Wd Track,121,358292767,Broadarrow Track,track_grade4,TARGET,57.55853542264597
12106,Broadarrow 4Wd Track,122,358292767,Broadarrow Track,track_grade4,TARGET,49.891822977305075
12106,Broadarrow 4Wd Track,123,358292767,Broadarrow Track,track_grade4,TARGET,26.151206473153827
12106,Broadarrow 4Wd Track,124,358292767,Broadarrow Track,track_grade4,TARGET,30.131684320628295
12106,Broadarrow 4Wd Track,125,358292767,Broadarrow Track,track_grade4,TARGET,27.39357771455567
12106,Broadarrow 4Wd Track,126,358292767,Broadarrow Track,track_grade4,TARGET,27.449888888578943
12106,Broadarrow 4Wd Track,127,358292767,Broadarrow Track,track_grade4,TARGET,22.433439326243587
12106,Broadarrow 4Wd Track,128,358292767,Broadarrow Track,track_grade4,TARGET,21.4334318297151
12106,Broadarrow 4Wd Track,129,358292767,Broadarrow Track,track_grade4,TARGET,32.34103585232796
12106,Broadarrow 4Wd Track,130,358292767,Broadarrow Track,track_grade4,TARGET,40.98836054293872
12106,Broadarrow 4Wd Track,131,358292767,Broadarrow Track,track_grade4,TARGET,27.346944984791385
12106,Broadarrow 4Wd Track,132,358292767,Broadarrow Track,track_grade4,TARGET,17.168835138166596
12106,Broadarrow 4Wd Track,133,358292767,Broadarrow Track,track_grade4,TARGET,17.998369370536555
12106,Broadarrow 4Wd Track,134,358292767,Broadarrow Track,track_grade4,TARGET,22.984799324709517
12106,Broadarrow 4Wd Track,135,358292767,Broadarrow Track,track_grade4,TARGET,27.984156231796874
12106,Broadarrow 4Wd Track,136,358292767,Broadarrow Track,track_grade4,TARGET,18.123093003089686
12106,Broadarrow 4Wd Track,137,358292767,Broadarrow Track,track_grade4,TARGET,13.600444845526088
12106,Broadarrow 4Wd Track,138,358292767,Broadarrow Track,track_grade4,TARGET,12.026491591601612
12106,Broadarrow 4Wd Track,139,358292767,Broadarrow Track,track_grade4,TARGET,15.523530526352365
12106,Broadarrow 4Wd Track,140,358292767,Broadarrow Track,track_grade4,TARGET,12.551119471940419
12106,Broadarrow 4Wd Track,141,358292767,Broadarrow Track,track_grade4,TARGET,19.18183776389403
12106,Broadarrow 4Wd Track,142,358292767,Broadarrow Track,track_grade4,TARGET,20.96405018113124
12106,Broadarrow 4Wd Track,143,358292767,Broadarrow Track,track_grade4,TARGET,23.67629405125826
12106,Broadarrow 4Wd Track,144,358292767,Broadarrow Track,track_grade4,TARGET,22.91227836771994
12106,Broadarrow 4Wd Track,145,358292767,Broadarrow Track,track_grade4,TARGET,24.741940101757915
12106,Broadarrow 4Wd Track,146,358292767,Broadarrow Track,track_grade4,TARGET,14.426981666369892
12106,Broadarrow 4Wd Track,147,358292767,Broadarrow Track,track_grade4,TARGET,19.363958789461474
12106,Broadarrow 4Wd Track,148,358292767,Broadarrow Track,track_grade4,TARGET,24.197607319692672
12106,Broadarrow 4Wd Track,149,358292767,Broadarrow Track,track_grade4,TARGET,47.932445170283124
12106,Broadarrow 4Wd Track,150,358292767,Broadarrow Track,track_grade4,TARGET,53.94290407453199
12106,Broadarrow 4Wd Track,151,358292767,Broadarrow Track,track_grade4,TARGET,100.18339433264752
12106,Broadarrow 4Wd Track,152,358292767,Broadarrow Track,track_grade4,TARGET,40.31950644532764
12106,Broadarrow 4Wd Track,153,358292767,Broadarrow Track,track_grade4,TARGET,17.241351455174886
12106,Broadarrow 4Wd Track,154,358292767,Broadarrow Track,track_grade4,TARGET,27.860868615303605
12106,Broadarrow 4Wd Track,155,358292767,Broadarrow Track,track_grade4,TARGET,23.864419121391293
12106,Broadarrow 4Wd Track,156,358292767,Broadarrow Track,track_grade4,TARGET,56.8085460120297
12106,Broadarrow 4Wd Track,157,358292767,Broadarrow Track,track_grade4,TARGET,52.45277590366357
12106,Broadarrow 4Wd Track,158,358292767,Broadarrow Track,track_grade4,TARGET,50.751974345816706
12106,Broadarrow 4Wd Track,159,358292767,Broadarrow Track,track_grade4,TARGET,63.877614232230904
12106,Broadarrow 4Wd Track,160,358292767,Broadarrow Track,track_grade4,TARGET,28.475197979932677
12106,Broadarrow 4Wd Track,161,358292767,Broadarrow Track,track_grade4,TARGET,26.950491646743913
12106,Broadarrow 4Wd Track,162,358292767,Broadarrow Track,track_grade4,TARGET,41.192136385486464
12106,Broadarrow 4Wd Track,163,358292767,Broadarrow Track,track_grade4,TARGET,35.34443379089717
12106,Broadarrow 4Wd Track,164,358292767,Broadarrow Track,track_grade4,TARGET,21.689117086695482
12106,Broadarrow 4Wd Track,165,358292767,Broadarrow Track,track_grade4,TARGET,36.84065688883242
12106,Broadarrow 4Wd Track,166,358292767,Broadarrow Track,track_grade4,TARGET,18.12110647832648
12106,Broadarrow 4Wd Track,167,358292767,Broadarrow Track,track_grade4,TARGET,14.698493120063548
12106,Broadarrow 4Wd Track,168,358292767,Broadarrow Track,track_grade4,TARGET,16.358001100409698
12106,Broadarrow 4Wd Track,169,358292767,Broadarrow Track,track_grade4,TARGET,14.494136745486642
12106,Broadarrow 4Wd Track,170,358292767,Broadarrow Track,track_grade4,TARGET,13.318967677825691
12106,Broadarrow 4Wd Track,171,358292767,Broadarrow Track,track_grade4,TARGET,13.527102424410026
12106,Broadarrow 4Wd Track,172,358292767,Broadarrow Track,track_grade4,TARGET,11.914176429763355
12106,Broadarrow 4Wd Track,173,358292767,Broadarrow Track,track_grade4,TARGET,24.832917669897334
12106,Broadarrow 4Wd Track,174,358292767,Broadarrow Track,track_grade4,TARGET,28.285434414217256
12106,Broadarrow 4Wd Track,175,358292767,Broadarrow Track,track_grade4,TARGET,20.805626642808644
12106,Broadarrow 4Wd Track,176,358292767,Broadarrow Track,track_grade4,TARGET,32.680431453703385
12106,Broadarrow 4Wd Track,177,358292767,Broadarrow Track,track_grade4,TARGET,31.900728831806234
12106,Broadarrow 4Wd Track,178,358292767,Broadarrow Track,track_grade4,TARGET,33.19861442888488
12106,Broadarrow 4Wd Track,179,358292767,Broadarrow Track,track_grade4,TARGET,36.348910575152736
12106,Broadarrow 4Wd Track,180,358292767,Broadarrow Track,track_grade4,TARGET,46.38458795765979
12106,Broadarrow 4Wd Track,181,358292767,Broadarrow Track,track_grade4,TARGET,28.79560556750991
12106,Broadarrow 4Wd Track,182,358292767,Broadarrow Track,track_grade4,TARGET,13.516870939650426
12106,Broadarrow 4Wd Track,183,358292767,Broadarrow Track,track_grade4,TARGET,16.47352117787621
12106,Broadarrow 4Wd Track,184,358292767,Broadarrow Track,track_grade4,TARGET,22.584696145866978
12106,Broadarrow 4Wd Track,185,358292767,Broadarrow Track,track_grade4,TARGET,22.044484571001345
12106,Broadarrow 4Wd Track,186,358292767,Broadarrow Track,track_grade4,TARGET,16.03667359521854
12106,Broadarrow 4Wd Track,187,358292767,Broadarrow Track,track_grade4,TARGET,17.49303004052238
12106,Broadarrow 4Wd Track,188,358292767,Broadarrow Track,track_grade4,TARGET,15.973703390311542
12106,Broadarrow 4Wd Track,189,358292767,Broadarrow Track,track_grade4,TARGET,12.449393559483068
12106,Broadarrow 4Wd Track,190,358292767,Broadarrow Track,track_grade4,TARGET,71.61621394629957
12106,Broadarrow 4Wd Track,191,358292767,Broadarrow Track,track_grade4,TARGET,26.658840934950106
12106,Broadarrow 4Wd Track,192,358292767,Broadarrow Track,track_grade4,TARGET,23.577584694001118
12106,Broadarrow 4Wd Track,193,358292767,Broadarrow Track,track_grade4,TARGET,74.81287723381291
12106,Broadarrow 4Wd Track,194,358292767,Broadarrow Track,track_grade4,TARGET,91.1204038621402
12106,Broadarrow 4Wd Track,195,358292767,Broadarrow Track,track_grade4,TARGET,86.4774103450775
12106,Broadarrow 4Wd Track,196,358292767,Broadarrow Track,track_grade4,TARGET,65.77024631244356
12106,Broadarrow 4Wd Track,197,358292767,Broadarrow Track,track_grade4,TARGET,94.22685232992036
12106,Broadarrow 4Wd Track,198,358292767,Broadarrow Track,track_grade4,TARGET,103.50158452887666
12106,Broadarrow 4Wd Track,199,358292767,Broadarrow Track,track_grade4,TARGET,121.66226366466249
12106,Broadarrow 4Wd Track,200,358292767,Broadarrow Track,track_grade4,TARGET,104.15816434632298
12106,Broadarrow 4Wd Track,201,358292767,Broadarrow Track,track_grade4,TARGET,147.74252536087158
12106,Broadarrow 4Wd Track,202,358292767,Broadarrow Track,track_grade4,TARGET,156.46684153519033
12106,Broadarrow 4Wd Track,203,358292767,Broadarrow Track,track_grade4,TARGET,185.7769547064174
12106,Broadarrow 4Wd Track,204,358292767,Broadarrow Track,track_grade4,TARGET,152.11010650185136
12106,Broadarrow 4Wd Track,205,358292767,Broadarrow Track,track_grade4,TARGET,156.80808812049568
12106,Broadarrow 4Wd Track,206,358292767,Broadarrow Track,track_grade4,TARGET,167.90253869433172
12106,Broadarrow 4Wd Track,207,358292767,Broadarrow Track,track_grade4,TARGET,114.36050061105064
12106,Broadarrow 4Wd Track,208,358292767,Broadarrow Track,track_grade4,TARGET,138.54691985021745
12106,Broadarrow 4Wd Track,209,358292767,Broadarrow Track,track_grade4,TARGET,99.95307799168548
12106,Broadarrow 4Wd Track,210,358292767,Broadarrow Track,track_grade4,TARGET,108.91260211744728
12106,Broadarrow 4Wd Track,211,358292767,Broadarrow Track,track_grade4,TARGET,151.3035257356321
12106,Broadarrow 4Wd Track,212,358292767,Broadarrow Track,track_grade4,TARGET,109.7405472010798
12106,Broadarrow 4Wd Track,213,358292767,Broadarrow Track,track_grade4,TARGET,132.4486051266497
12106,Broadarrow 4Wd Track,214,358292767,Broadarrow Track,track_grade4,TARGET,205.26233068926828
12106,Broadarrow 4Wd Track,215,358292767,Broadarrow Track,track_grade4,TARGET,202.492825551919
12106,Broadarrow 4Wd Track,216,358292767,Broadarrow Track,track_grade4,TARGET,147.79794315212018
12106,Broadarrow 4Wd Track,217,358292767,Broadarrow Track,track_grade4,TARGET,170.37983448755958
12106,Broadarrow 4Wd Track,218,358292767,Broadarrow Track,track_grade4,TARGET,136.93737145130814
12106,Broadarrow 4Wd Track,219,358292767,Broadarrow Track,track_grade4,TARGET,143.19964315604753
12106,Broadarrow 4Wd Track,220,358292767,Broadarrow Track,track_grade4,TARGET,57.403028665711695
12106,Broadarrow 4Wd Track,221,358292767,Broadarrow Track,track_grade4,TARGET,65.70088964399439
12106,Broadarrow 4Wd Track,222,358292767,Broadarrow Track,track_grade4,TARGET,46.799693374959055
12106,Broadarrow 4Wd Track,223,358292767,Broadarrow Track,track_grade4,TARGET,31.651807215430914
12106,Broadarrow 4Wd Track,224,358292767,Broadarrow Track,track_grade4,TARGET,25.169187511789147
12106,Broadarrow 4Wd Track,225,358292767,Broadarrow Track,track_grade4,TARGET,32.5349550482788
12106,Broadarrow 4Wd Track,226,358292767,Broadarrow Track,track_grade4,TARGET,60.82369439613116
12106,Broadarrow 4Wd Track,227,358292767,Broadarrow Track,track_grade4,TARGET,31.895520061727993
12106,Broadarrow 4Wd Track,228,358292767,Broadarrow Track,track_grade4,TARGET,35.28478567310793
12106,Broadarrow 4Wd Track,229,358292767,Broadarrow Track,track_grade4,TARGET,19.204158403809835
12106,Broadarrow 4Wd Track,230,358292767,Broadarrow Track,track_grade4,TARGET,16.504959860609848
12106,Broadarrow 4Wd Track,231,358292767,Broadarrow Track,track_grade4,TARGET,38.62812446907665
12106,Broadarrow 4Wd Track,232,358292767,Broadarrow Track,track_grade4,TARGET,52.33321125250891
12106,Broadarrow 4Wd Track,233,358292767,Broadarrow Track,track_grade4,TARGET,65.28782505185126
12106,Broadarrow 4Wd Track,234,358292767,Broadarrow Track,track_grade4,TARGET,37.74322985651072
12106,Broadarrow 4Wd Track,235,358292767,Broadarrow Track,track_grade4,TARGET,24.452443640679583
12106,Broadarrow 4Wd Track,236,358292767,Broadarrow Track,track_grade4,TARGET,14.664924138911099
12106,Broadarrow 4Wd Track,237,358292767,Broadarrow Track,track_grade4,TARGET,14.138125759811487
12106,Broadarrow 4Wd Track,238,358292767,Broadarrow Track,track_grade4,TARGET,17.75585818814284
12106,Broadarrow 4Wd Track,239,358292767,Broadarrow Track,track_grade4,TARGET,22.378999084023576
12106,Broadarrow 4Wd Track,240,358292767,Broadarrow Track,track_grade4,TARGET,12.701830576767996
12106,Broadarrow 4Wd Track,241,358292767,Broadarrow Track,track_grade4,TARGET,15.826844284203492
12106,Broadarrow 4Wd Track,242,358292767,Broadarrow Track,track_grade4,TARGET,20.066342467009388
12106,Broadarrow 4Wd Track,243,358292767,Broadarrow Track,track_grade4,TARGET,10.213270778682862
12106,Broadarrow 4Wd Track,244,358292767,Broadarrow Track,track_grade4,TARGET,32.443603375840205
12106,Broadarrow 4Wd Track,245,358292767,Broadarrow Track,track_grade4,TARGET,5.007833862985433
12106,Broadarrow 4Wd Track,246,358292767,Broadarrow Track,track_grade4,TARGET,6.180202262053811
12106,Broadarrow 4Wd Track,247,358292767,Broadarrow Track,track_grade4,TARGET,5.675561646245317
12106,Broadarrow 4Wd Track,248,358292767,Broadarrow Track,track_grade4,TARGET,6.2791082169270425
12106,Broadarrow 4Wd Track,249,358292767,Broadarrow Track,track_grade4,TARGET,3.6289116825853642
12106,Broadarrow 4Wd Track,250,358292767,Broadarrow Track,track_grade4,TARGET,5.7737769267227295
12106,Broadarrow 4Wd Track,251,358292767,Broadarrow Track,track_grade4,TARGET,11.04800887056913
12106,Broadarrow 4Wd Track,252,358292767,Broadarrow Track,track_grade4,TARGET,26.232289263295062
12106,Broadarrow 4Wd Track,253,358292767,Broadarrow Track,track_grade4,TARGET,21.403934217828635
12106,Broadarrow 4Wd Track,254,358292767,Broadarrow Track,track_grade4,TARGET,27.425763435135877
12106,Broadarrow 4Wd Track,255,358292767,Broadarrow Track,track_grade4,TARGET,13.842749004376525
12106,Broadarrow 4Wd Track,256,358292767,Broadarrow Track,track_grade4,TARGET,13.194695904064163
12106,Broadarrow 4Wd Track,257,358292767,Broadarrow Track,track_grade4,TARGET,25.00824863919408
12106,Broadarrow 4Wd Track,258,358292767,Broadarrow Track,track_grade4,TARGET,14.617209035930209
12106,Broadarrow 4Wd Track,259,358292767,Broadarrow Track,track_grade4,TARGET,30.507082784138902
12106,Broadarrow 4Wd Track,260,358292767,Broadarrow Track,track_grade4,TARGET,20.044173717111228
12106,Broadarrow 4Wd Track,261,358292767,Broadarrow Track,track_grade4,TARGET,11.212501950947399
12106,Broadarrow 4Wd Track,262,358292767,Broadarrow Track,track_grade4,TARGET,11.350264314128157
12106,Broadarrow 4Wd Track,263,358292767,Broadarrow Track,track_grade4,TARGET,21.256603679782764
12106,Broadarrow 4Wd Track,264,358292767,Broadarrow Track,track_grade4,TARGET,49.750772858291285
12106,Broadarrow 4Wd Track,265,358292767,Broadarrow Track,track_grade4,TARGET,18.14468792792658
12106,Broadarrow 4Wd Track,266,358292767,Broadarrow Track,track_grade4,TARGET,19.451858523008493
12106,Broadarrow 4Wd Track,267,358292767,Broadarrow Track,track_grade4,TARGET,11.143720204657749
12106,Broadarrow 4Wd Track,268,358292767,Broadarrow Track,track_grade4,TARGET,25.001027978874344
12106,Broadarrow 4Wd Track,269,358292767,Broadarrow Track,track_grade4,TARGET,40.47800019761763
12106,Broadarrow 4Wd Track,270,358292767,Broadarrow Track,track_grade4,TARGET,43.47541949195517
12106,Broadarrow 4Wd Track,271,358292767,Broadarrow Track,track_grade4,TARGET,26.758355704302502
12106,Broadarrow 4Wd Track,272,358292767,Broadarrow Track,track_grade4,TARGET,15.56483857939377
12106,Broadarrow 4Wd Track,273,358292767,Broadarrow Track,track_grade4,TARGET,19.605126880411316
12106,Broadarrow 4Wd Track,274,358292767,Broadarrow Track,track_grade4,TARGET,19.36794516723906
12106,Broadarrow 4Wd Track,275,358292767,Broadarrow Track,track_grade4,TARGET,12.306071672124123
12106,Broadarrow 4Wd Track,276,358292767,Broadarrow Track,track_grade4,TARGET,13.891465005563553
12106,Broadarrow 4Wd Track,277,358292767,Broadarrow Track,track_grade4,TARGET,19.720124238938336
12106,Broadarrow 4Wd Track,278,358292767,Broadarrow Track,track_grade4,TARGET,20.25908438208796
12106,Broadarrow 4Wd Track,279,358292767,Broadarrow Track,track_grade4,TARGET,52.654420517177016
12106,Broadarrow 4Wd Track,280,358292767,Broadarrow Track,track_grade4,TARGET,66.31586537165936
12106,Broadarrow 4Wd Track,281,358292767,Broadarrow Track,track_grade4,TARGET,40.6491488227347
12106,Broadarrow 4Wd Track,282,358292767,Broadarrow Track,track_grade4,TARGET,40.23222588918024
12106,Broadarrow 4Wd Track,283,358292767,Broadarrow Track,track_grade4,TARGET,38.890390843919974
12106,Broadarrow 4Wd Track,284,358292767,Broadarrow Track,track_grade4,TARGET,27.242145657108598
12106,Broadarrow 4Wd Track,285,358292767,Broadarrow Track,track_grade4,TARGET,38.82408659572922
12106,Broadarrow 4Wd Track,286,358292767,Broadarrow Track,track_grade4,TARGET,35.00532816591599
12106,Broadarrow 4Wd Track,287,358292767,Broadarrow Track,track_grade4,TARGET,26.771389579138607
12106,Broadarrow 4Wd Track,288,358292767,Broadarrow Track,track_grade4,TARGET,98.37343645523183
12106,Broadarrow 4Wd Track,289,358292767,Broadarrow Track,track_grade4,TARGET,81.50455508745185
12106,Broadarrow 4Wd Track,290,358292767,Broadarrow Track,track_grade4,TARGET,43.987436842785655
12106,Broadarrow 4Wd Track,291,358292767,Broadarrow Track,track_grade4,TARGET,20.663615366167605
12106,Broadarrow 4Wd Track,292,358292767,Broadarrow Track,track_grade4,TARGET,43.00905137285973
12106,Broadarrow 4Wd Track,293,358292767,Broadarrow Track,track_grade4,TARGET,86.36619072300697
12106,Broadarrow 4Wd Track,294,358292767,Broadarrow Track,track_grade4,TARGET,97.17733943667346
12106,Broadarrow 4Wd Track,295,358292767,Broadarrow Track,track_grade4,TARGET,199.10148417327545
12106,Broadarrow 4Wd Track,296,358292767,Broadarrow Track,track_grade4,TARGET,172.41494395787763
12106,Broadarrow 4Wd Track,297,358292767,Broadarrow Track,track_grade4,TARGET,261.18836268106855
12106,Broadarrow 4Wd Track,298,358292767,Broadarrow Track,track_grade4,TARGET,238.07753127914202
12106,Broadarrow 4Wd Track,299,358292767,Broadarrow Track,track_grade4,TARGET,202.82792953637264
12106,Broadarrow 4Wd Track,300,358292767,Broadarrow Track,track_grade4,TARGET,164.20833017846306
12106,Broadarrow 4Wd Track,301,358292767,Broadarrow Track,track_grade4,TARGET,234.4446757766753
12106,Broadarrow 4Wd Track,302,358292767,Broadarrow Track,track_grade4,TARGET,197.75499513284518
12106,Broadarrow 4Wd Track,303,358292767,Broadarrow Track,track_grade4,TARGET,221.26843154863354
12106,Broadarrow 4Wd Track,304,358292767,Broadarrow Track,track_grade4,TARGET,231.29190733789474
12106,Broadarrow 4Wd Track,305,358292767,Broadarrow Track,track_grade4,TARGET,46.68547097335651
12106,Broadarrow 4Wd Track,306,358292767,Broadarrow Track,track_grade4,TARGET,113.93787956599085
12106,Broadarrow 4Wd Track,307,358292767,Broadarrow Track,track_grade4,TARGET,20.663615366167605
12106,Broadarrow 4Wd Track,308,358292767,Broadarrow Track,track_grade4,TARGET,121.62798732196681
12106,Broadarrow 4Wd Track,309,358292767,Broadarrow Track,track_grade4,TARGET,96.75622977362211
12106,Broadarrow 4Wd Track,310,358292767,Broadarrow Track,track_grade4,TARGET,90.35867252234216
12106,Broadarrow 4Wd Track,311,358292767,Broadarrow Track,track_grade4,TARGET,92.02506180382885
12106,Broadarrow 4Wd Track,312,358292767,Broadarrow Track,track_grade4,TARGET,120.75772853115389
12106,Broadarrow 4Wd Track,313,358292767,Broadarrow Track,track_grade4,TARGET,123.75969497385876
12106,Broadarrow 4Wd Track,314,358292767,Broadarrow Track,track_grade4,TARGET,111.89368212719113
12106,Broadarrow 4Wd Track,315,358292767,Broadarrow Track,track_grade4,TARGET,116.89672578815535
12106,Broadarrow 4Wd Track,316,358292767,Broadarrow Track,track_grade4,TARGET,37.29723314142
12106,Broadarrow 4Wd Track,317,358292767,Broadarrow Track,track_grade4,TARGET,42.499517644302934
12106,Broadarrow 4Wd Track,318,358292767,Broadarrow Track,track_grade4,TARGET,110.54210600477093
12106,Broadarrow 4Wd Track,319,358292767,Broadarrow Track,track_grade4,TARGET,22.24568497494324
12106,Broadarrow 4Wd Track,320,358292767,Broadarrow Track,track_grade4,TARGET,64.9982192062793
12106,Broadarrow 4Wd Track,321,358292767,Broadarrow Track,track_grade4,TARGET,75.1289358369893
12106,Broadarrow 4Wd Track,322,358292767,Broadarrow Track,track_grade4,TARGET,224.18850215842127
12106,Broadarrow 4Wd Track,323,358292767,Broadarrow Track,track_grade4,TARGET,100.62014360951719
12106,Broadarrow 4Wd Track,324,358292767,Broadarrow Track,track_grade4,TARGET,281.0055323299639
12106,Broadarrow 4Wd Track,325,358292767,Broadarrow Track,track_grade4,TARGET,127.10669415873467
12106,Broadarrow 4Wd Track,326,358292767,Broadarrow Track,track_grade4,TARGET,101.77641573573266
12106,Broadarrow 4Wd Track,327,358292767,Broadarrow Track,track_grade4,TARGET,118.21251414299154
12106,Broadarrow 4Wd Track,328,358292767,Broadarrow Track,track_grade4,TARGET,116.8461561199783
12106,Broadarrow 4Wd Track,329,358292767,Broadarrow Track,track_grade4,TARGET,63.08528909341694
12106,Broadarrow 4Wd Track,330,358292767,Broadarrow Track,track_grade4,TARGET,143.41386892475387
12106,Broadarrow 4Wd Track,331,358292767,Broadarrow Track,track_grade4,TARGET,88.34910865426843
12106,Broadarrow 4Wd Track,332,358292767,Broadarrow Track,track_grade4,TARGET,93.59270591244568
12106,Broadarrow 4Wd Track,333,358292767,Broadarrow Track,track_grade4,TARGET,78.44000127479273
12106,Broadarrow 4Wd Track,334,358292767,Broadarrow Track,track_grade4,TARGET,199.23604141827363
12106,Broadarrow 4Wd Track,335,358292767,Broadarrow Track,track_grade4,TARGET,113.30418747773814
12106,Broadarrow 4Wd Track,336,358292767,Broadarrow Track,track_grade4,TARGET,213.39238833660755
12106,Broadarrow 4Wd Track,337,358292767,Broadarrow Track,track_grade4,TARGET,121.76430100811598
12106,Broadarrow 4Wd Track,338,358292767,Broadarrow Track,track_grade4,TARGET,60.35631698511972
12106,Broadarrow 4Wd Track,339,358292767,Broadarrow Track,track_grade4,TARGET,101.55778749066101
12106,Broadarrow 4Wd Track,340,358292767,Broadarrow Track,track_grade4,TARGET,112.10764871324189
12106,Broadarrow 4Wd Track,341,358292767,Broadarrow Track,track_grade4,TARGET,92.81027960308445
12106,Broadarrow 4Wd Track,342,358292767,Broadarrow Track,track_grade4,TARGET,71.30957439223535
12106,Broadarrow 4Wd Track,343,358292767,Broadarrow Track,track_grade4,TARGET,96.38161235422199
12106,Broadarrow 4Wd Track,344,358292767,Broadarrow Track,track_grade4,TARGET,116.39283311269503
12106,Broadarrow 4Wd Track,345,358292767,Broadarrow Track,track_grade4,TARGET,64.43131226352844
12106,Broadarrow 4Wd Track,346,358292767,Broadarrow Track,track_grade4,TARGET,56.09137723392474
12106,Broadarrow 4Wd Track,347,358292767,Broadarrow Track,track_grade4,TARGET,87.80798881653709
12106,Broadarrow 4Wd Track,348,358292767,Broadarrow Track,track_grade4,TARGET,147.72848202016334
12106,Broadarrow 4Wd Track,349,358292767,Broadarrow Track,track_grade4,TARGET,87.58970772878446
12106,Broadarrow 4Wd Track,350,358292767,Broadarrow Track,track_grade4,TARGET,33.29346031884476
12106,Broadarrow 4Wd Track,351,358292767,Broadarrow Track,track_grade4,TARGET,61.51158915188314
12106,Broadarrow 4Wd Track,352,358292767,Broadarrow Track,track_grade4,TARGET,77.37520597714389
12106,Broadarrow 4Wd Track,353,358292767,Broadarrow Track,track_grade4,TARGET,71.21640330714989
12106,Broadarrow 4Wd Track,354,358292767,Broadarrow Track,track_grade4,TARGET,88.57448955528368
12106,Broadarrow 4Wd Track,355,358292767,Broadarrow Track,track_grade4,TARGET,85.64583410780246
12106,Broadarrow 4Wd Track,356,358292767,Broadarrow Track,track_grade4,TARGET,167.9066422150829
12106,Broadarrow 4Wd Track,357,358292767,Broadarrow Track,track_grade4,TARGET,139.0511204558039
12106,Broadarrow 4Wd Track,358,358292767,Broadarrow Track,track_grade4,TARGET,57.066238705562945
12106,Broadarrow 4Wd Track,359,358292767,Broadarrow Track,track_grade4,TARGET,67.28088287171612
12106,Broadarrow 4Wd Track,360,358292767,Broadarrow Track,track_grade4,TARGET,160.12189512991975
12106,Broadarrow 4Wd Track,361,358292767,Broadarrow Track,track_grade4,TARGET,158.32028707668766
12106,Broadarrow 4Wd Track,362,358292767,Broadarrow Track,track_grade4,TARGET,145.08550065389124
12106,Broadarrow 4Wd Track,363,358292767,Broadarrow Track,track_grade4,TARGET,176.7553905826234
12106,Broadarrow 4Wd Track,364,358292767,Broadarrow Track,track_grade4,TARGET,111.02382627168457
12106,Broadarrow 4Wd Track,365,358292767,Broadarrow Track,track_grade4,TARGET,94.97529415574186
12106,Broadarrow 4Wd Track,366,358292767,Broadarrow Track,track_grade4,TARGET,186.14439690741557
12106,Broadarrow 4Wd Track,367,358292767,Broadarrow Track,track_grade4,TARGET,96.18960494763445
12106,Broadarrow 4Wd Track,368,358292767,Broadarrow Track,track_grade4,TARGET,108.63199574710957
12106,Broadarrow 4Wd Track,369,358292767,Broadarrow Track,track_grade4,TARGET,172.91917244769616
12106,Broadarrow 4Wd Track,370,358292767,Broadarrow Track,track_grade4,TARGET,45.59290843987779
12106,Broadarrow 4Wd Track,371,358292767,Broadarrow Track,track_grade4,TARGET,53.65468292699979
12106,Broadarrow 4Wd Track,372,358292767,Broadarrow Track,track_grade4,TARGET,126.18597069396202
12106,Broadarrow 4Wd Track,373,358292767,Broadarrow Track,track_grade4,TARGET,84.56825941220296
12106,Broadarrow 4Wd Track,374,358292767,Broadarrow Track,track_grade4,TARGET,70.57666540715894
12106,Broadarrow 4Wd Track,375,358292767,Broadarrow Track,track_grade4,TARGET,151.114274640154
12106,Broadarrow 4Wd Track,376,358292767,Broadarrow Track,track_grade4,TARGET,108.62019011210246
12106,Broadarrow 4Wd Track,377,358292767,Broadarrow Track,track_grade4,TARGET,123.31004379202182
12106,Broadarrow 4Wd Track,378,358292767,Broadarrow Track,track_grade4,TARGET,109.16392444393263
12106,Broadarrow 4Wd Track,379,358292767,Broadarrow Track,track_grade4,TARGET,95.43387239333629
12106,Broadarrow 4Wd Track,380,358292767,Broadarrow Track,track_grade4,TARGET,68.35753433235134
12106,Broadarrow 4Wd Track,381,358292767,Broadarrow Track,track_grade4,TARGET,54.47409017144014
12106,Broadarrow 4Wd Track,382,358292767,Broadarrow Track,track_grade4,TARGET,61.5370823162905
12106,Broadarrow 4Wd Track,383,358292767,Broadarrow Track,track_grade4,TARGET,51.47157079396539
12106,Broadarrow 4Wd Track,384,358292767,Broadarrow Track,track_grade4,TARGET,52.6221037208391
12106,Broadarrow 4Wd Track,385,358292767,Broadarrow Track,track_grade4,TARGET,90.3600271137026
12106,Broadarrow 4Wd Track,386,358292767,Broadarrow Track,track_grade4,TARGET,74.35693646196889
12106,Broadarrow 4Wd Track,387,358292767,Broadarrow Track,track_grade4,TARGET,112.46100702015232
12106,Broadarrow 4Wd Track,388,358292767,Broadarrow Track,track_grade4,TARGET,77.31708478740941
12106,Broadarrow 4Wd Track,389,358292767,Broadarrow Track,track_grade4,TARGET,81.72040259321788
12106,Broadarrow 4Wd Track,390,358292767,Broadarrow Track,track_grade4,TARGET,136.00019889692143
12106,Broadarrow 4Wd Track,391,358292767,Broadarrow Track,track_grade4,TARGET,40.85913606514393
12106,Broadarrow 4Wd Track,392,358292767,Broadarrow Track,track_grade4,TARGET,179.83647266330388
12106,Broadarrow 4Wd Track,393,358292767,Broadarrow Track,track_grade4,TARGET,99.82554632961862
12106,Broadarrow 4Wd Track,394,358292767,Broadarrow Track,track_grade4,TARGET,89.84775845830205
12106,Broadarrow 4Wd Track,395,358292767,Broadarrow Track,track_grade4,TARGET,153.71585767246893
12106,Broadarrow 4Wd Track,396,358292767,Broadarrow Track,track_grade4,TARGET,142.40383878259138
12106,Broadarrow 4Wd Track,397,358292767,Broadarrow Track,track_grade4,TARGET,113.41265185149929
12106,Broadarrow 4Wd Track,398,358292767,Broadarrow Track,track_grade4,TARGET,85.97834204028392
12106,Broadarrow 4Wd Track,399,358292767,Broadarrow Track,track_grade4,TARGET,97.67779123232157
12106,Broadarrow 4Wd Track,400,358292767,Broadarrow Track,track_grade4,TARGET,159.62258894025345
12106,Broadarrow 4Wd Track,401,358292767,Broadarrow Track,track_grade4,TARGET,101.13286755554566
12106,Broadarrow 4Wd Track,402,358292767,Broadarrow Track,track_grade4,TARGET,113.07371489431043
12106,Broadarrow 4Wd Track,403,358292767,Broadarrow Track,track_grade4,TARGET,109.89548489359318
12106,Broadarrow 4Wd Track,404,358292767,Broadarrow Track,track_grade4,TARGET,72.67254364609494
12106,Broadarrow 4Wd Track,405,358292767,Broadarrow Track,track_grade4,TARGET,89.64526088978903
12106,Broadarrow 4Wd Track,406,358292767,Broadarrow Track,track_grade4,TARGET,187.8973320726057
12106,Broadarrow 4Wd Track,407,358292767,Broadarrow Track,track_grade4,TARGET,214.09692314467213
12106,Broadarrow 4Wd Track,408,358292767,Broadarrow Track,track_grade4,TARGET,141.09842132355487
12106,Broadarrow 4Wd Track,409,358292767,Broadarrow Track,track_grade4,TARGET,134.39036014531933
12106,Broadarrow 4Wd Track,410,358292767,Broadarrow Track,track_grade4,TARGET,296.30901741256696
12106,Broadarrow 4Wd Track,411,358292767,Broadarrow Track,track_grade4,TARGET,247.52370391536223
12106,Broadarrow 4Wd Track,412,358292767,Broadarrow Track,track_grade4,TARGET,320.27977722609376
12106,Broadarrow 4Wd Track,413,358292767,Broadarrow Track,track_grade4,TARGET,93.72522872746302
12106,Broadarrow 4Wd Track,414,358292767,Broadarrow Track,track_grade4,TARGET,54.9363058458917
12106,Broadarrow 4Wd Track,415,358292767,Broadarrow Track,track_grade4,TARGET,134.97301989659434
12106,Broadarrow 4Wd Track,416,358292767,Broadarrow Track,track_grade4,TARGET,229.4242471927028
12106,Broadarrow 4Wd Track,417,358292767,Broadarrow Track,track_grade4,TARGET,204.36150567075526
12106,Broadarrow 4Wd Track,418,358292767,Broadarrow Track,track_grade4,TARGET,189.17737734724668
12106,Broadarrow 4Wd Track,419,358292767,Broadarrow Track,track_grade4,TARGET,183.76244502085447
12106,Broadarrow 4Wd Track,420,358292767,Broadarrow Track,track_grade4,TARGET,265.429449006621
12106,Broadarrow 4Wd Track,421,358292767,Broadarrow Track,track_grade4,TARGET,223.45765818175346
12106,Broadarrow 4Wd Track,422,358292767,Broadarrow Track,track_grade4,TARGET,233.27485612469437
12106,Broadarrow 4Wd Track,423,358292767,Broadarrow Track,track_grade4,TARGET,145.95950260248392
12106,Broadarrow 4Wd Track,424,358292767,Broadarrow Track,track_grade4,TARGET,240.37444123704967
12106,Broadarrow 4Wd Track,425,358292767,Broadarrow Track,track_grade4,TARGET,197.85042026744577
12106,Broadarrow 4Wd Track,426,358292767,Broadarrow Track,track_grade4,TARGET,216.49457498970702
12106,Broadarrow 4Wd Track,427,358292767,Broadarrow Track,track_grade4,TARGET,147.07228290884208
12106,Broadarrow 4Wd Track,428,358292767,Broadarrow Track,track_grade4,TARGET,167.87737250736973
12106,Broadarrow 4Wd Track,429,358292767,Broadarrow Track,track_grade4,TARGET,265.13131425765977
12106,Broadarrow 4Wd Track,430,358292767,Broadarrow Track,track_grade4,TARGET,257.67600625603313
12106,Broadarrow 4Wd Track,431,358292767,Broadarrow Track,track_grade4,TARGET,235.66600539742305
12106,Broadarrow 4Wd Track,432,358292767,Broadarrow Track,track_grade4,TARGET,203.55003537206883
12106,Broadarrow 4Wd Track,433,358292767,Broadarrow Track,track_grade4,TARGET,119.04382596346936
12106,Broadarrow 4Wd Track,434,358292767,Broadarrow Track,track_grade4,TARGET,208.60899429310916
12106,Broadarrow 4Wd Track,435,358292767,Broadarrow Track,track_grade4,TARGET,398.9495068301794
12106,Broadarrow 4Wd Track,436,358292767,Broadarrow Track,track_grade4,TARGET,452.16622618228536
12106,Broadarrow 4Wd Track,437,358292767,Broadarrow Track,track_grade4,TARGET,420.8500695021739
12106,Broadarrow 4Wd Track,438,358292767,Broadarrow Track,track_grade4,TARGET,366.12233064925925
12106,Broadarrow 4Wd Track,439,358292767,Broadarrow Track,track_grade4,TARGET,361.42897075353653
12106,Broadarrow 4Wd Track,440,358292767,Broadarrow Track,track_grade4,TARGET,613.4692807305199
12106,Broadarrow 4Wd Track,441,358292767,Broadarrow Track,track_grade4,TARGET,386.5594672234362
12106,Broadarrow 4Wd Track,442,358292767,Broadarrow Track,track_grade4,TARGET,343.08646432048465
12106,Broadarrow 4Wd Track,443,358292767,Broadarrow Track,track_grade4,TARGET,545.3711980843768
12106,Broadarrow 4Wd Track,444,358292767,Broadarrow Track,track_grade4,TARGET,379.5642381732069
12106,Broadarrow 4Wd Track,445,358292767,Broadarrow Track,track_grade4,TARGET,470.48174969930136
12106,Broadarrow 4Wd Track,446,358292767,Broadarrow Track,track_grade4,TARGET,616.6960422281969
12106,Broadarrow 4Wd Track,447,358292767,Broadarrow Track,track_grade4,TARGET,374.09887703657586
12106,Broadarrow 4Wd Track,448,358292767,Broadarrow Track,track_grade4,TARGET,510.033207252147
12106,Broadarrow 4Wd Track,449,358292767,Broadarrow Track,track_grade4,TARGET,224.44853040284332
12106,Broadarrow 4Wd Track,450,358292767,Broadarrow Track,track_grade4,TARGET,223.9152815240344
12106,Broadarrow 4Wd Track,451,358292767,Broadarrow Track,track_grade4,TARGET,252.64141584480467
12106,Broadarrow 4Wd Track,452,358292767,Broadarrow Track,track_grade4,TARGET,163.165997683237
12106,Broadarrow 4Wd Track,453,358292767,Broadarrow Track,track_grade4,TARGET,118.25656218579961
12106,Broadarrow 4Wd Track,454,358292767,Broadarrow Track,track_grade4,TARGET,111.20952207429967
12106,Broadarrow 4Wd Track,455,358292767,Broadarrow Track,track_grade4,TARGET,125.83833199782784
12106,Broadarrow 4Wd Track,456,358292767,Broadarrow Track,track_grade4,TARGET,113.79613921395158
12106,Broadarrow 4Wd Track,457,358292767,Broadarrow Track,track_grade4,TARGET,92.37181658926195
12106,Broadarrow 4Wd Track,458,358292767,Broadarrow Track,track_grade4,TARGET,261.08376778344655
12106,Broadarrow 4Wd Track,459,358292767,Broadarrow Track,track_grade4,TARGET,61.55620683568915
12106,Broadarrow 4Wd Track,460,358292767,Broadarrow Track,track_grade4,TARGET,72.24236776297465
12106,Broadarrow 4Wd Track,461,358292767,Broadarrow Track,track_grade4,TARGET,34.6601154066349
12106,Broadarrow 4Wd Track,462,358292767,Broadarrow Track,track_grade4,TARGET,75.4816090183588
12106,Broadarrow 4Wd Track,463,358292767,Broadarrow Track,track_grade4,TARGET,131.01005304947415
12106,Broadarrow 4Wd Track,464,358292767,Broadarrow Track,track_grade4,TARGET,142.64892919332695
12106,Broadarrow 4Wd Track,465,358292767,Broadarrow Track,track_grade4,TARGET,177.64539425501377
12106,Broadarrow 4Wd Track,466,358292767,Broadarrow Track,track_grade4,TARGET,171.4838418043602
12106,Broadarrow 4Wd Track,467,358292767,Broadarrow Track,track_grade4,TARGET,272.5715166703539
12106,Broadarrow 4Wd Track,468,358292767,Broadarrow Track,track_grade4,TARGET,227.81663240415764
12106,Broadarrow 4Wd Track,469,358292767,Broadarrow Track,track_grade4,TARGET,290.3894905124225
12106,Broadarrow 4Wd Track,470,358292767,Broadarrow Track,track_grade4,TARGET,169.17388510042593
12106,Broadarrow 4Wd Track,471,358292767,Broadarrow Track,track_grade4,TARGET,62.22578645541921
12106,Broadarrow 4Wd Track,472,358292767,Broadarrow Track,track_grade4,TARGET,58.454827858786004
12106,Broadarrow 4Wd Track,473,358292767,Broadarrow Track,track_grade4,TARGET,720.9889189855653
12106,Broadarrow 4Wd Track,474,358292767,Broadarrow Track,track_grade4,TARGET,299.1750566141559
12106,Broadarrow 4Wd Track,475,358292767,Broadarrow Track,track_grade4,TARGET,323.4051522469977
12106,Broadarrow 4Wd Track,476,358292767,Broadarrow Track,track_grade4,TARGET,387.28998605697933
12106,Broadarrow 4Wd Track,477,358292767,Broadarrow Track,track_grade4,TARGET,227.56325296500708
12106,Broadarrow 4Wd Track,478,358292767,Broadarrow Track,track_grade4,TARGET,286.91185127138647
12106,Broadarrow 4Wd Track,479,358292767,Broadarrow Track,track_grade4,TARGET,159.42418950713702
12106,Broadarrow 4Wd Track,480,358292767,Broadarrow Track,track_grade4,TARGET,410.1967231707055
12106,Broadarrow 4Wd Track,481,358292767,Broadarrow Track,track_grade4,TARGET,299.4985742872058
12106,Broadarrow 4Wd Track,482,358292767,Broadarrow Track,track_grade4,TARGET,345.8666347017653
12106,Broadarrow 4Wd Track,483,358292767,Broadarrow Track,track_grade4,TARGET,509.39521552534893
12106,Broadarrow 4Wd Track,484,358292767,Broadarrow Track,track_grade4,TARGET,177.3983181993621
12106,Broadarrow 4Wd Track,485,358292767,Broadarrow Track,track_grade4,TARGET,245.74406361092147
12106,Broadarrow 4Wd Track,486,358292767,Broadarrow Track,track_grade4,TARGET,290.33097750686505
12106,Broadarrow 4Wd Track,487,358292767,Broadarrow Track,track_grade4,TARGET,243.54047076390378
12106,Broadarrow 4Wd Track,488,358292767,Broadarrow Track,track_grade4,TARGET,146.98637011651323
12106,Broadarrow 4Wd Track,489,358292767,Broadarrow Track,track_grade4,TARGET,166.2674402882142
12106,Broadarrow 4Wd Track,490,358292767,Broadarrow Track,track_grade4,TARGET,110.79500033842895
12106,Broadarrow 4Wd Track,491,358292767,Broadarrow Track,track_grade4,TARGET,151.63850731264677
12106,Broadarrow 4Wd Track,492,358292767,Broadarrow Track,track_grade4,TARGET,211.51962485782104
12106,Broadarrow 4Wd Track,493,358292767,Broadarrow Track,track_grade4,TARGET,246.52570920696846
12106,Broadarrow 4Wd Track,494,358292767,Broadarrow Track,track_grade4,TARGET,68.96382022479001
12106,Broadarrow 4Wd Track,495,358292767,Broadarrow Track,track_grade4,TARGET,35.80552192052785
12106,Broadarrow 4Wd Track,496,358292767,Broadarrow Track,track_grade4,TARGET,71.56621130112457
12106,Broadarrow 4Wd Track,497,358292767,Broadarrow Track,track_grade4,TARGET,200.26650693513173
12106,Broadarrow 4Wd Track,498,358292767,Broadarrow Track,track_grade4,TARGET,267.3327671648281
12106,Broadarrow 4Wd Track,499,358292767,Broadarrow Track,track_grade4,TARGET,297.3195055828002
12106,Broadarrow 4Wd Track,500,358292767,Broadarrow Track,track_grade4,TARGET,69.88612237060802
12106,Broadarrow 4Wd Track,501,358292767,Broadarrow Track,track_grade4,TARGET,118.36176958802135
12106,Broadarrow 4Wd Track,502,358292767,Broadarrow Track,track_grade4,TARGET,99.61355831409116
12106,Broadarrow 4Wd Track,503,358292767,Broadarrow Track,track_grade4,TARGET,90.05678208774552
12106,Broadarrow 4Wd Track,504,358292767,Broadarrow Track,track_grade4,TARGET,48.43475714814311
12106,Broadarrow 4Wd Track,505,358292767,Broadarrow Track,track_grade4,TARGET,87.21777456463194
12106,Broadarrow 4Wd Track,506,358292767,Broadarrow Track,track_grade4,TARGET,56.67765079818858
12106,Broadarrow 4Wd Track,507,358292767,Broadarrow Track,track_grade4,TARGET,94.99680257775351
12106,Broadarrow 4Wd Track,508,358292767,Broadarrow Track,track_grade4,TARGET,96.72033550398372
12106,Broadarrow 4Wd Track,509,358292767,Broadarrow Track,track_grade4,TARGET,115.16810148648386
12106,Broadarrow 4Wd Track,510,358292767,Broadarrow Track,track_grade4,TARGET,80.34413108617281
12106,Broadarrow 4Wd Track,511,358292767,Broadarrow Track,track_grade4,TARGET,117.44272859568918
12106,Broadarrow 4Wd Track,512,358292767,Broadarrow Track,track_grade4,TARGET,38.20484916866361
12106,Broadarrow 4Wd Track,513,358292767,Broadarrow Track,track_grade4,TARGET,54.29710581602297
12106,Broadarrow 4Wd Track,514,358292767,Broadarrow Track,track_grade4,TARGET,128.0920235612313
12106,Broadarrow 4Wd Track,515,358292767,Broadarrow Track,track_grade4,TARGET,106.2978894428578
12106,Broadarrow 4Wd Track,516,358292767,Broadarrow Track,track_grade4,TARGET,52.00621982028039
12106,Broadarrow 4Wd Track,517,358292767,Broadarrow Track,track_grade4,TARGET,131.0720855102321
12106,Broadarrow 4Wd Track,518,358292767,Broadarrow Track,track_grade4,TARGET,155.31740211578602
12106,Broadarrow 4Wd Track,519,358292767,Broadarrow Track,track_grade4,TARGET,98.17719949152286
12106,Broadarrow 4Wd Track,520,358292767,Broadarrow Track,track_grade4,TARGET,33.33827829994407
12106,Broadarrow 4Wd Track,521,358292767,Broadarrow Track,track_grade4,TARGET,39.2507146431738
12106,Broadarrow 4Wd Track,522,358292767,Broadarrow Track,track_grade4,TARGET,43.88488578089788
12106,Broadarrow 4Wd Track,523,358292767,Broadarrow Track,track_grade4,TARGET,55.308722639273256
12106,Broadarrow 4Wd Track,524,358292767,Broadarrow Track,track_grade4,TARGET,68.69991339156432
12106,Broadarrow 4Wd Track,525,358292767,Broadarrow Track,track_grade4,TARGET,80.92869577591587
12106,Broadarrow 4Wd Track,526,358292767,Broadarrow Track,track_grade4,TARGET,35.134206978471354
12106,Broadarrow 4Wd Track,527,358292767,Broadarrow Track,track_grade4,TARGET,43.33192125904092
12106,Broadarrow 4Wd Track,528,358292767,Broadarrow Track,track_grade4,TARGET,65.93170405798266
12106,Broadarrow 4Wd Track,529,358292767,Broadarrow Track,track_grade4,TARGET,81.55850231584617
12106,Broadarrow 4Wd Track,530,358292767,Broadarrow Track,track_grade4,TARGET,53.68239935026495
12106,Broadarrow 4Wd Track,531,358292767,Broadarrow Track,track_grade4,TARGET,69.03008764299673
12106,Broadarrow 4Wd Track,532,358292767,Broadarrow Track,track_grade4,TARGET,95.30936207945373
12106,Broadarrow 4Wd Track,533,358292767,Broadarrow Track,track_grade4,TARGET,106.31243201056476
12106,Broadarrow 4Wd Track,534,358292767,Broadarrow Track,track_grade4,TARGET,123.71043003725572
12106,Broadarrow 4Wd Track,535,358292767,Broadarrow Track,track_grade4,TARGET,111.39627686779106
12106,Broadarrow 4Wd Track,536,358292767,Broadarrow Track,track_grade4,TARGET,58.41316718003009
12106,Broadarrow 4Wd Track,537,358292767,Broadarrow Track,track_grade4,TARGET,81.44350802860943
12106,Broadarrow 4Wd Track,538,358292767,Broadarrow Track,track_grade4,TARGET,114.41507287059306
12106,Broadarrow 4Wd Track,539,358292767,Broadarrow Track,track_grade4,TARGET,125.25500429133835
12106,Broadarrow 4Wd Track,540,358292767,Broadarrow Track,track_grade4,TARGET,106.85205566572125
12106,Broadarrow 4Wd Track,541,358292767,Broadarrow Track,track_grade4,TARGET,76.45540399474483
12106,Broadarrow 4Wd Track,542,358292767,Broadarrow Track,track_grade4,TARGET,63.24851381657221
12106,Broadarrow 4Wd Track,543,358292767,Broadarrow Track,track_grade4,TARGET,70.55152018208844
12106,Broadarrow 4Wd Track,544,358292767,Broadarrow Track,track_grade4,TARGET,96.67661609708686
12106,Broadarrow 4Wd Track,545,358292767,Broadarrow Track,track_grade4,TARGET,62.96705964223541
12106,Broadarrow 4Wd Track,546,358292767,Broadarrow Track,track_grade4,TARGET,83.1863654694176
12106,Broadarrow 4Wd Track,547,358292767,Broadarrow Track,track_grade4,TARGET,98.5626754913417
12106,Broadarrow 4Wd Track,548,358292767,Broadarrow Track,track_grade4,TARGET,85.57548539155921
12106,Broadarrow 4Wd Track,549,358292767,Broadarrow Track,track_grade4,TARGET,66.0640181944346
12106,Broadarrow 4Wd Track,550,358292767,Broadarrow Track,track_grade4,TARGET,44.35218258439906
12106,Broadarrow 4Wd Track,551,358292767,Broadarrow Track,track_grade4,TARGET,35.759587525586646
12106,Broadarrow 4Wd Track,552,358292767,Broadarrow Track,track_grade4,TARGET,45.014917527509326
12106,Broadarrow 4Wd Track,553,358292767,Broadarrow Track,track_grade4,TARGET,28.2987084511227
12106,Broadarrow 4Wd Track,554,358292767,Broadarrow Track,track_grade4,TARGET,59.236517453268505
12106,Broadarrow 4Wd Track,555,358292767,Broadarrow Track,track_grade4,TARGET,67.75872785097732
12106,Broadarrow 4Wd Track,556,358292767,Broadarrow Track,track_grade4,TARGET,76.02228949461353
12106,Broadarrow 4Wd Track,557,358292767,Broadarrow Track,track_grade4,TARGET,59.516976569770776
12106,Broadarrow 4Wd Track,558,358292767,Broadarrow Track,track_grade4,TARGET,47.27336036281115
12106,Broadarrow 4Wd Track,559,358292767,Broadarrow Track,track_grade4,TARGET,44.43348399586133
12106,Broadarrow 4Wd Track,560,358292767,Broadarrow Track,track_grade4,TARGET,61.28442053242826
12106,Broadarrow 4Wd Track,561,358292767,Broadarrow Track,track_grade4,TARGET,117.71027015506581
12106,Broadarrow 4Wd Track,562,358292767,Broadarrow Track,track_grade4,TARGET,26.300982871500672
12106,Broadarrow 4Wd Track,563,358292767,Broadarrow Track,track_grade4,TARGET,38.188639671997585
12106,Broadarrow 4Wd Track,564,358292767,Broadarrow Track,track_grade4,TARGET,47.47382436659824
12106,Broadarrow 4Wd Track,565,358292767,Broadarrow Track,track_grade4,TARGET,45.3202493374813
12106,Broadarrow 4Wd Track,566,358292767,Broadarrow Track,track_grade4,TARGET,83.32922656553846
12106,Broadarrow 4Wd Track,567,358292767,Broadarrow Track,track_grade4,TARGET,62.660955945455136
12106,Broadarrow 4Wd Track,568,358292767,Broadarrow Track,track_grade4,TARGET,21.605406730546722
12106,Broadarrow 4Wd Track,569,358292767,Broadarrow Track,track_grade4,TARGET,45.18188243094261
12106,Broadarrow 4Wd Track,570,358292767,Broadarrow Track,track_grade4,TARGET,76.20183987277139
12106,Broadarrow 4Wd Track,571,358292767,Broadarrow Track,track_grade4,TARGET,71.24618516110192
12106,Broadarrow 4Wd Track,572,358292767,Broadarrow Track,track_grade4,TARGET,102.20933274422438
12106,Broadarrow 4Wd Track,573,358292767,Broadarrow Track,track_grade4,TARGET,54.14029645273144
12106,Broadarrow 4Wd Track,574,358292767,Broadarrow Track,track_grade4,TARGET,59.031026587754006
12106,Broadarrow 4Wd Track,575,358292767,Broadarrow Track,track_grade4,TARGET,78.50382538450087
12106,Broadarrow 4Wd Track,576,358292767,Broadarrow Track,track_grade4,TARGET,103.34348794190059
12106,Broadarrow 4Wd Track,577,358292767,Broadarrow Track,track_grade4,TARGET,82.94878540406256
12106,Broadarrow 4Wd Track,578,358292767,Broadarrow Track,track_grade4,TARGET,86.96240107078297
12106,Broadarrow 4Wd Track,579,358292767,Broadarrow Track,track_grade4,TARGET,41.722800720984644
12106,Broadarrow 4Wd Track,580,358292767,Broadarrow Track,track_grade4,TARGET,85.75257722071485
12106,Broadarrow 4Wd Track,581,358292767,Broadarrow Track,track_grade4,TARGET,42.02362430822069
12106,Broadarrow 4Wd Track,582,358292767,Broadarrow Track,track_grade4,TARGET,64.65076952364016
12106,Broadarrow 4Wd Track,583,358292767,Broadarrow Track,track_grade4,TARGET,74.316366972654
12106,Broadarrow 4Wd Track,584,358292767,Broadarrow Track,track_grade4,TARGET,71.55976523147764
12106,Broadarrow 4Wd Track,585,358292767,Broadarrow Track,track_grade4,TARGET,39.074421300900035
12106,Broadarrow 4Wd Track,586,358292767,Broadarrow Track,track_grade4,TARGET,40.968555014902776
12106,Broadarrow 4Wd Track,587,358292767,Broadarrow Track,track_grade4,TARGET,38.1059076783671
12106,Broadarrow 4Wd Track,588,358292767,Broadarrow Track,track_grade4,TARGET,74.7460132716001
12106,Broadarrow 4Wd Track,589,358292767,Broadarrow Track,track_grade4,TARGET,67.309604812372
12106,Broadarrow 4Wd Track,590,358292767,Broadarrow Track,track_grade4,TARGET,50.09336083761268
12106,Broadarrow 4Wd Track,591,358292767,Broadarrow Track,track_grade4,TARGET,39.11720337661284
12106,Broadarrow 4Wd Track,592,358292767,Broadarrow Track,track_grade4,TARGET,68.59866179436892
12106,Broadarrow 4Wd Track,593,358292767,Broadarrow Track,track_grade4,TARGET,29.483283399223087
12106,Broadarrow 4Wd Track,594,358292767,Broadarrow Track,track_grade4,TARGET,31.469617093513598
12106,Broadarrow 4Wd Track,595,358292767,Broadarrow Track,track_grade4,TARGET,120.28273733149715
12106,Broadarrow 4Wd Track,596,358292767,Broadarrow Track,track_grade4,TARGET,97.56738184462205
12106,Broadarrow 4Wd Track,597,358292767,Broadarrow Track,track_grade4,TARGET,103.29792108263197
12106,Broadarrow 4Wd Track,598,358292767,Broadarrow Track,track_grade4,TARGET,117.05350913151344
12106,Broadarrow 4Wd Track,599,358292767,Broadarrow Track,track_grade4,TARGET,125.80928105671606
12106,Broadarrow 4Wd Track,600,358292767,Broadarrow Track,track_grade4,TARGET,72.37463160534273
12106,Broadarrow 4Wd Track,601,358292767,Broadarrow Track,track_grade4,TARGET,59.48767015102915
12106,Broadarrow 4Wd Track,602,358292767,Broadarrow Track,track_grade4,TARGET,162.22884638682817
12106,Broadarrow 4Wd Track,603,358292767,Broadarrow Track,track_grade4,TARGET,121.70708607146241
12106,Broadarrow 4Wd Track,604,358292767,Broadarrow Track,track_grade4,TARGET,163.2717688395356
12106,Broadarrow 4Wd Track,605,358292767,Broadarrow Track,track_grade4,TARGET,146.52412941222835
12106,Broadarrow 4Wd Track,606,358292767,Broadarrow Track,track_grade4,TARGET,166.50701997211675
12106,Broadarrow 4Wd Track,607,358292767,Broadarrow Track,track_grade4,TARGET,168.735220093507
12106,Broadarrow 4Wd Track,608,358292767,Broadarrow Track,track_grade4,TARGET,185.29001322255286
12106,Broadarrow 4Wd Track,609,358292767,Broadarrow Track,track_grade4,TARGET,173.1204621065878
12106,Broadarrow 4Wd Track,610,358292767,Broadarrow Track,track_grade4,TARGET,121.64345029632732
12106,Broadarrow 4Wd Track,611,358292767,Broadarrow Track,track_grade4,TARGET,153.4292442789748
12106,Broadarrow 4Wd Track,612,358292767,Broadarrow Track,track_grade4,TARGET,236.06050601478185
12106,Broadarrow 4Wd Track,613,358292767,Broadarrow Track,track_grade4,TARGET,125.50677591269242
12106,Broadarrow 4Wd Track,614,358292767,Broadarrow Track,track_grade4,TARGET,119.03131730769583
12106,Broadarrow 4Wd Track,615,358292767,Broadarrow Track,track_grade4,TARGET,103.35097580578521
12106,Broadarrow 4Wd Track,616,358292767,Broadarrow Track,track_grade4,TARGET,136.75605507614858
12106,Broadarrow 4Wd Track,617,358292767,Broadarrow Track,track_grade4,TARGET,207.63480657156856
12106,Broadarrow 4Wd Track,618,358292767,Broadarrow Track,track_grade4,TARGET,155.150252336238
12106,Broadarrow 4Wd Track,619,358292767,Broadarrow Track,track_grade4,TARGET,138.34136077106953
12106,Broadarrow 4Wd Track,620,358292767,Broadarrow Track,track_grade4,TARGET,111.00154683605642
12106,Broadarrow 4Wd Track,621,358292767,Broadarrow Track,track_grade4,TARGET,169.22691275328742
12106,Broadarrow 4Wd Track,622,358292767,Broadarrow Track,track_grade4,TARGET,204.0995494850458
12106,Broadarrow 4Wd Track,623,358292767,Broadarrow Track,track_grade4,TARGET,146.03762563116624
12106,Broadarrow 4Wd Track,624,358292767,Broadarrow Track,track_grade4,TARGET,76.68275229805501
12106,Broadarrow 4Wd Track,625,358292767,Broadarrow Track,track_grade4,TARGET,75.93144934748692
12106,Broadarrow 4Wd Track,626,358292767,Broadarrow Track,track_grade4,TARGET,87.64689384103266
12106,Broadarrow 4Wd Track,627,358292767,Broadarrow Track,track_grade4,TARGET,112.88034106969586
12106,Broadarrow 4Wd Track,628,358292767,Broadarrow Track,track_grade4,TARGET,107.11115721515712
12106,Broadarrow 4Wd Track,629,358292767,Broadarrow Track,track_grade4,TARGET,64.67347215063752
12106,Broadarrow 4Wd Track,630,358292767,Broadarrow Track,track_grade4,TARGET,103.23047708882127
12106,Broadarrow 4Wd Track,631,358292767,Broadarrow Track,track_grade4,TARGET,130.74112589393272
12106,Broadarrow 4Wd Track,632,358292767,Broadarrow Track,track_grade4,TARGET,88.04053895784615
12106,Broadarrow 4Wd Track,633,358292767,Broadarrow Track,track_grade4,TARGET,170.28373968182296
12106,Broadarrow 4Wd Track,634,358292767,Broadarrow Track,track_grade4,TARGET,142.4607770580842
12106,Broadarrow 4Wd Track,635,358292767,Broadarrow Track,track_grade4,TARGET,85.93537688287039
12106,Broadarrow 4Wd Track,636,358292767,Broadarrow Track,track_grade4,TARGET,38.77319176959654
12106,Broadarrow 4Wd Track,637,358292767,Broadarrow Track,track_grade4,TARGET,77.52023284277033
12106,Broadarrow 4Wd Track,638,358292767,Broadarrow Track,track_grade4,TARGET,107.35760103498333
12106,Broadarrow 4Wd Track,639,358292767,Broadarrow Track,track_grade4,TARGET,71.803017346079
12106,Broadarrow 4Wd Track,640,358292767,Broadarrow Track,track_grade4,TARGET,143.3788230528575
12106,Broadarrow 4Wd Track,641,358292767,Broadarrow Track,track_grade4,TARGET,130.15236071609627
12106,Broadarrow 4Wd Track,642,358292767,Broadarrow Track,track_grade4,TARGET,127.71379917619748
12106,Broadarrow 4Wd Track,643,358292767,Broadarrow Track,track_grade4,TARGET,84.57898202261117
12106,Broadarrow 4Wd Track,644,358292767,Broadarrow Track,track_grade4,TARGET,110.13906890838244
12106,Broadarrow 4Wd Track,645,358292767,Broadarrow Track,track_grade4,TARGET,58.84259851503196
12106,Broadarrow 4Wd Track,646,358292767,Broadarrow Track,track_grade4,TARGET,79.69460019342931
12106,Broadarrow 4Wd Track,647,358292767,Broadarrow Track,track_grade4,TARGET,76.59981266310142
12106,Broadarrow 4Wd Track,648,358292767,Broadarrow Track,track_grade4,TARGET,20.34991154756089
12106,Broadarrow 4Wd Track,649,358292767,Broadarrow Track,track_grade4,TARGET,35.82422225261363
12106,Broadarrow 4Wd Track,650,358292767,Broadarrow Track,track_grade4,TARGET,64.48592559625148
12106,Broadarrow 4Wd Track,651,358292767,Broadarrow Track,track_grade4,TARGET,60.47712460096675
12106,Broadarrow 4Wd Track,652,358292767,Broadarrow Track,track_grade4,TARGET,138.48055820219724
12106,Broadarrow 4Wd Track,653,358292767,Broadarrow Track,track_grade4,TARGET,59.218089297139166
12106,Broadarrow 4Wd Track,654,358292767,Broadarrow Track,track_grade4,TARGET,118.59958052200884
12106,Broadarrow 4Wd Track,655,358292767,Broadarrow Track,track_grade4,TARGET,68.60117929010936
12106,Broadarrow 4Wd Track,656,358292767,Broadarrow Track,track_grade4,TARGET,24.231438256948888
12106,Broadarrow 4Wd Track,657,358292767,Broadarrow Track,track_grade4,TARGET,67.71130629381749
12106,Broadarrow 4Wd Track,658,358292767,Broadarrow Track,track_grade4,TARGET,74.94187414250877
12106,Broadarrow 4Wd Track,659,358292767,Broadarrow Track,track_grade4,TARGET,123.35898913335986
12106,Broadarrow 4Wd Track,660,358292767,Broadarrow Track,track_grade4,TARGET,127.35204945344684
12106,Broadarrow 4Wd Track,661,358292767,Broadarrow Track,track_grade4,TARGET,123.93460372315732
12106,Broadarrow 4Wd Track,662,358292767,Broadarrow Track,track_grade4,TARGET,126.39654821231623
12106,Broadarrow 4Wd Track,663,358292767,Broadarrow Track,track_grade4,TARGET,65.32007654625427
12106,Broadarrow 4Wd Track,664,358292767,Broadarrow Track,track_grade4,TARGET,112.56077869295744
12106,Broadarrow 4Wd Track,665,358292767,Broadarrow Track,track_grade4,TARGET,159.00710330049776
12106,Broadarrow 4Wd Track,666,358292767,Broadarrow Track,track_grade4,TARGET,168.42975627845587
12106,Broadarrow 4Wd Track,667,358292767,Broadarrow Track,track_grade4,TARGET,127.94980656493132
12106,Broadarrow 4Wd Track,668,358292767,Broadarrow Track,track_grade4,TARGET,113.18312992665295
12106,Broadarrow 4Wd Track,669,358292767,Broadarrow Track,track_grade4,TARGET,78.57477012367573
12106,Broadarrow 4Wd Track,670,358292767,Broadarrow Track,track_grade4,TARGET,92.50825044288459
12106,Broadarrow 4Wd Track,671,358292767,Broadarrow Track,track_grade4,TARGET,96.67197370491843
12106,Broadarrow 4Wd Track,672,358292767,Broadarrow Track,track_grade4,TARGET,176.3629360154577
12106,Broadarrow 4Wd Track,673,358292767,Broadarrow Track,track_grade4,TARGET,111.69975828078555
12106,Broadarrow 4Wd Track,674,358292767,Broadarrow Track,track_grade4,TARGET,177.67852796562255
12106,Broadarrow 4Wd Track,675,358292767,Broadarrow Track,track_grade4,TARGET,146.7325461511513
12106,Broadarrow 4Wd Track,676,358292767,Broadarrow Track,track_grade4,TARGET,94.28947608299012
12106,Broadarrow 4Wd Track,677,358292767,Broadarrow Track,track_grade4,TARGET,75.10166176590549
12106,Broadarrow 4Wd Track,678,358292767,Broadarrow Track,track_grade4,TARGET,43.524918150404865
12106,Broadarrow 4Wd Track,679,358292767,Broadarrow Track,track_grade4,TARGET,60.7865675951243
12106,Broadarrow 4Wd Track,680,358292767,Broadarrow Track,track_grade4,TARGET,42.344913508098976
12106,Broadarrow 4Wd Track,681,358292767,Broadarrow Track,track_grade4,TARGET,94.15957731412827
12106,Broadarrow 4Wd Track,682,358292767,Broadarrow Track,track_grade4,TARGET,107.83604823996595
12106,Broadarrow 4Wd Track,683,358292767,Broadarrow Track,track_grade4,TARGET,204.42612602113093
12106,Broadarrow 4Wd Track,684,358292767,Broadarrow Track,track_grade4,TARGET,156.84182637297388
12106,Broadarrow 4Wd Track,685,358292767,Broadarrow Track,track_grade4,TARGET,65.64439123020432
12106,Broadarrow 4Wd Track,686,358292767,Broadarrow Track,track_grade4,TARGET,76.5208468328667
12106,Broadarrow 4Wd Track,687,358292767,Broadarrow Track,track_grade4,TARGET,70.32898264580119
12106,Broadarrow 4Wd Track,688,358292767,Broadarrow Track,track_grade4,TARGET,44.30916158092525
12106,Broadarrow 4Wd Track,689,358292767,Broadarrow Track,track_grade4,TARGET,65.4208850444348
12106,Broadarrow 4Wd Track,690,358292767,Broadarrow Track,track_grade4,TARGET,61.89785779814526
12106,Broadarrow 4Wd Track,691,358292767,Broadarrow Track,track_grade4,TARGET,23.901681949138414
12106,Broadarrow 4Wd Track,692,358292767,Broadarrow Track,track_grade4,TARGET,29.69194503568604
12106,Broadarrow 4Wd Track,693,358292767,Broadarrow Track,track_grade4,TARGET,79.91395935630129
12106,Broadarrow 4Wd Track,694,358292767,Broadarrow Track,track_grade4,TARGET,188.8475334760823
12106,Broadarrow 4Wd Track,695,358292767,Broadarrow Track,track_grade4,TARGET,59.55823788534398
12106,Broadarrow 4Wd Track,696,358292767,Broadarrow Track,track_grade4,TARGET,115.26993103133744
12106,Broadarrow 4Wd Track,697,358292767,Broadarrow Track,track_grade4,TARGET,94.71476442453078
12106,Broadarrow 4Wd Track,698,358292767,Broadarrow Track,track_grade4,TARGET,65.76846736854866
12106,Broadarrow 4Wd Track,699,358292767,Broadarrow Track,track_grade4,TARGET,37.41656584987825
12106,Broadarrow 4Wd Track,700,358292767,Broadarrow Track,track_grade4,TARGET,117.76048785565695
12106,Broadarrow 4Wd Track,701,358292767,Broadarrow Track,track_grade4,TARGET,76.77655175898222
12106,Broadarrow 4Wd Track,702,358292767,Broadarrow Track,track_grade4,TARGET,145.3285773686593
12106,Broadarrow 4Wd Track,703,358292767,Broadarrow Track,track_grade4,TARGET,118.78609430403483
12106,Broadarrow 4Wd Track,704,358292767,Broadarrow Track,track_grade4,TARGET,88.59043966477427
12106,Broadarrow 4Wd Track,705,358292767,Broadarrow Track,track_grade4,TARGET,97.01023554245742
12106,Broadarrow 4Wd Track,706,358292767,Broadarrow Track,track_grade4,TARGET,66.94565333166965
12106,Broadarrow 4Wd Track,707,358292767,Broadarrow Track,track_grade4,TARGET,109.14408137865811
12106,Broadarrow 4Wd Track,708,358292767,Broadarrow Track,track_grade4,TARGET,83.16783813463498
12106,Broadarrow 4Wd Track,709,358292767,Broadarrow Track,track_grade4,TARGET,48.874635548560434
12106,Broadarrow 4Wd Track,710,358292767,Broadarrow Track,track_grade4,TARGET,72.58426620134402
12106,Broadarrow 4Wd Track,711,358292767,Broadarrow Track,track_grade4,TARGET,78.12203786387296
12106,Broadarrow 4Wd Track,712,358292767,Broadarrow Track,track_grade4,TARGET,54.637285803812965
12106,Broadarrow 4Wd Track,713,358292767,Broadarrow Track,track_grade4,TARGET,68.59694599613586
12106,Broadarrow 4Wd Track,714,358292767,Broadarrow Track,track_grade4,TARGET,109.00376002698809
12106,Broadarrow 4Wd Track,715,358292767,Broadarrow Track,track_grade4,TARGET,96.02917160927105
12106,Broadarrow 4Wd Track,716,358292767,Broadarrow Track,track_grade4,TARGET,110.94844298143273
12106,Broadarrow 4Wd Track,717,358292767,Broadarrow Track,track_grade4,TARGET,130.7023526951516
12106,Broadarrow 4Wd Track,718,358292767,Broadarrow Track,track_grade4,TARGET,69.85689157110181
12106,Broadarrow 4Wd Track,719,358292767,Broadarrow Track,track_grade4,TARGET,77.56381243856079
12106,Broadarrow 4Wd Track,720,358292767,Broadarrow Track,track_grade4,TARGET,137.31798789672436
12106,Broadarrow 4Wd Track,721,358292767,Broadarrow Track,track_grade4,TARGET,119.35005697521466
12106,Broadarrow 4Wd Track,722,358292767,Broadarrow Track,track_grade4,TARGET,120.18694271847036
12106,Broadarrow 4Wd Track,723,358292767,Broadarrow Track,track_grade4,TARGET,118.23395451397592
12106,Broadarrow 4Wd Track,724,358292767,Broadarrow Track,track_grade4,TARGET,158.71900106785864
12106,Broadarrow 4Wd Track,725,358292767,Broadarrow Track,track_grade4,TARGET,79.08868250256364
12106,Broadarrow 4Wd Track,726,358292767,Broadarrow Track,track_grade4,TARGET,53.78784992923604
12106,Broadarrow 4Wd Track,727,358292767,Broadarrow Track,track_grade4,TARGET,129.316481934799
12106,Broadarrow 4Wd Track,728,358292767,Broadarrow Track,track_grade4,TARGET,172.35211690031323
12106,Broadarrow 4Wd Track,729,358292767,Broadarrow Track,track_grade4,TARGET,134.6285749758028
12106,Broadarrow 4Wd Track,730,358292767,Broadarrow Track,track_grade4,TARGET,128.37406007443664
12106,Broadarrow 4Wd Track,731,358292767,Broadarrow Track,track_grade4,TARGET,95.58045459177096
12106,Broadarrow 4Wd Track,732,358292767,Broadarrow Track,track_grade4,TARGET,122.16296370021924
12106,Broadarrow 4Wd Track,733,358292767,Broadarrow Track,track_grade4,TARGET,111.9987401714576
12106,Broadarrow 4Wd Track,734,358292767,Broadarrow Track,track_grade4,TARGET,123.669695964592
12106,Broadarrow 4Wd Track,735,358292767,Broadarrow Track,track_grade4,TARGET,92.46769435879165
12106,Broadarrow 4Wd Track,736,358292767,Broadarrow Track,track_grade4,TARGET,140.1800973747272
12106,Broadarrow 4Wd Track,737,358292767,Broadarrow Track,track_grade4,TARGET,179.94603329896108
12106,Broadarrow 4Wd Track,738,358292767,Broadarrow Track,track_grade4,TARGET,215.21699282352515
12106,Broadarrow 4Wd Track,739,358292767,Broadarrow Track,track_grade4,TARGET,197.50527790414793
12106,Broadarrow 4Wd Track,740,358292767,Broadarrow Track,track_grade4,TARGET,258.83724789913896
12106,Broadarrow 4Wd Track,741,358292767,Broadarrow Track,track_grade4,TARGET,295.27062908450927
12106,Broadarrow 4Wd Track,742,358292767,Broadarrow Track,track_grade4,TARGET,132.79692202757872
12106,Broadarrow 4Wd Track,743,358292767,Broadarrow Track,track_grade4,TARGET,65.48802409598068
12106,Broadarrow 4Wd Track,744,358292767,Broadarrow Track,track_grade4,TARGET,140.34099080458975
12106,Broadarrow 4Wd Track,745,358292767,Broadarrow Track,track_grade4,TARGET,219.7404764717732
12106,Broadarrow 4Wd Track,746,358292767,Broadarrow Track,track_grade4,TARGET,245.39516947161616
12106,Broadarrow 4Wd Track,747,358292767,Broadarrow Track,track_grade4,TARGET,175.27196723944445
12106,Broadarrow 4Wd Track,748,358292767,Broadarrow Track,track_grade4,TARGET,134.95675233202036
12106,Broadarrow 4Wd Track,749,358292767,Broadarrow Track,track_grade4,TARGET,210.00262498360556
12106,Broadarrow 4Wd Track,750,358292767,Broadarrow Track,track_grade4,TARGET,151.03591625832112
12106,Broadarrow 4Wd Track,751,358292767,Broadarrow Track,track_grade4,TARGET,172.6940384030645
12106,Broadarrow 4Wd Track,752,358292767,Broadarrow Track,track_grade4,TARGET,126.91827685573953
12106,Broadarrow 4Wd Track,753,358292767,Broadarrow Track,track_grade4,TARGET,72.75214154919786
12106,Broadarrow 4Wd Track,754,358292767,Broadarrow Track,track_grade4,TARGET,99.59246407241442
12106,Broadarrow 4Wd Track,755,358292767,Broadarrow Track,track_grade4,TARGET,87.87455263034151
12106,Broadarrow 4Wd Track,756,358292767,Broadarrow Track,track_grade4,TARGET,120.42126224218312
12106,Broadarrow 4Wd Track,757,358292767,Broadarrow Track,track_grade4,TARGET,92.1522935146703
12106,Broadarrow 4Wd Track,758,358292767,Broadarrow Track,track_grade4,TARGET,196.15610645609533
12106,Broadarrow 4Wd Track,759,358292767,Broadarrow Track,track_grade4,TARGET,312.243090556057
12106,Broadarrow 4Wd Track,760,358292767,Broadarrow Track,track_grade4,TARGET,137.29048983807087
12106,Broadarrow 4Wd Track,761,358292767,Broadarrow Track,track_grade4,TARGET,175.37268259342522
12106,Broadarrow 4Wd Track,762,358292767,Broadarrow Track,track_grade4,TARGET,87.77391696843728
12106,Broadarrow 4Wd Track,763,358292767,Broadarrow Track,track_grade4,TARGET,102.46259854206689
12106,Broadarrow 4Wd Track,764,358292767,Broadarrow Track,track_grade4,TARGET,96.27254073720991
12106,Broadarrow 4Wd Track,765,358292767,Broadarrow Track,track_grade4,TARGET,79.37632140634031
12106,Broadarrow 4Wd Track,766,358292767,Broadarrow Track,track_grade4,TARGET,168.88462393007666
12106,Broadarrow 4Wd Track,767,358292767,Broadarrow Track,track_grade4,TARGET,75.11171413301183
12106,Broadarrow 4Wd Track,768,358292767,Broadarrow Track,track_grade4,TARGET,75.58879348154758
12106,Broadarrow 4Wd Track,769,358292767,Broadarrow Track,track_grade4,TARGET,56.45096721935769
12106,Broadarrow 4Wd Track,770,358292767,Broadarrow Track,track_grade4,TARGET,131.68850557282178
12106,Broadarrow 4Wd Track,771,358292767,Broadarrow Track,track_grade4,TARGET,140.33020772448282
12106,Broadarrow 4Wd Track,772,358292767,Broadarrow Track,track_grade4,TARGET,109.69014221888713
12106,Broadarrow 4Wd Track,773,358292767,Broadarrow Track,track_grade4,TARGET,140.31963119963436
12106,Broadarrow 4Wd Track,774,358292767,Broadarrow Track,track_grade4,TARGET,200.5032959828908
12106,Broadarrow 4Wd Track,775,358292767,Broadarrow Track,track_grade4,TARGET,298.6821136258375
12106,Broadarrow 4Wd Track,776,358292767,Broadarrow Track,track_grade4,TARGET,105.29522021441474
12106,Broadarrow 4Wd Track,777,358292767,Broadarrow Track,track_grade4,TARGET,231.79608818961057
12106,Broadarrow 4Wd Track,778,358292767,Broadarrow Track,track_grade4,TARGET,228.21610328805104
12106,Broadarrow 4Wd Track,779,358292767,Broadarrow Track,track_grade4,TARGET,144.43445883860286
12106,Broadarrow 4Wd Track,780,358292767,Broadarrow Track,track_grade4,TARGET,246.56229902397342
12106,Broadarrow 4Wd Track,781,358292767,Broadarrow Track,track_grade4,TARGET,136.55466670900032
12106,Broadarrow 4Wd Track,782,358292767,Broadarrow Track,track_grade4,TARGET,221.30193243619357
12106,Broadarrow 4Wd Track,783,358292767,Broadarrow Track,track_grade4,TARGET,80.88557411556349
12106,Broadarrow 4Wd Track,784,358292767,Broadarrow Track,track_grade4,TARGET,131.84220454772947
12106,Broadarrow 4Wd Track,785,358292767,Broadarrow Track,track_grade4,TARGET,81.33313777303606
12106,Broadarrow 4Wd Track,786,358292767,Broadarrow Track,track_grade4,TARGET,135.76206613045014
12106,Broadarrow 4Wd Track,787,358292767,Broadarrow Track,track_grade4,TARGET,34.96834282602783
12106,Broadarrow 4Wd Track,788,358292767,Broadarrow Track,track_grade4,TARGET,171.74149469478613
12106,Broadarrow 4Wd Track,789,358292767,Broadarrow Track,track_grade4,TARGET,143.09782423232443
12106,Broadarrow 4Wd Track,790,358292767,Broadarrow Track,track_grade4,TARGET,80.51699758437788
12106,Broadarrow 4Wd Track,791,358292767,Broadarrow Track,track_grade4,TARGET,75.91003952035939
12106,Broadarrow 4Wd Track,792,358292767,Broadarrow Track,track_grade4,TARGET,106.94328216402714
12106,Broadarrow 4Wd Track,793,358292767,Broadarrow Track,track_grade4,TARGET,63.220703096363344
12106,Broadarrow 4Wd Track,794,358292767,Broadarrow Track,track_grade4,TARGET,77.79382044866193
12106,Broadarrow 4Wd Track,795,358292767,Broadarrow Track,track_grade4,TARGET,58.98744442675705
12106,Broadarrow 4Wd Track,796,358292767,Broadarrow Track,track_grade4,TARGET,85.27125776013001
12106,Broadarrow 4Wd Track,797,358292767,Broadarrow Track,track_grade4,TARGET,49.55515916637569
12106,Broadarrow 4Wd Track,798,358292767,Broadarrow Track,track_grade4,TARGET,38.72126676650416
12106,Broadarrow 4Wd Track,799,358292767,Broadarrow Track,track_grade4,TARGET,68.189756562065
12106,Broadarrow 4Wd Track,800,358292767,Broadarrow Track,track_grade4,TARGET,74.51048583924279
12106,Broadarrow 4Wd Track,801,358292767,Broadarrow Track,track_grade4,TARGET,94.06502006595969
12106,Broadarrow 4Wd Track,802,358292767,Broadarrow Track,track_grade4,TARGET,95.36064701961507
12106,Broadarrow 4Wd Track,803,358292767,Broadarrow Track,track_grade4,TARGET,93.42911109483524
12106,Broadarrow 4Wd Track,804,358292767,Broadarrow Track,track_grade4,TARGET,63.174137904735794
12106,Broadarrow 4Wd Track,805,358292767,Broadarrow Track,track_grade4,TARGET,136.9857547338621
12106,Broadarrow 4Wd Track,806,358292767,Broadarrow Track,track_grade4,TARGET,104.30678693164614
12106,Broadarrow 4Wd Track,807,358292767,Broadarrow Track,track_grade4,TARGET,199.15733679674062
12106,Broadarrow 4Wd Track,808,358292767,Broadarrow Track,track_grade4,TARGET,133.5425868403605
12106,Broadarrow 4Wd Track,809,358292767,Broadarrow Track,track_grade4,TARGET,111.76277421399459
12106,Broadarrow 4Wd Track,810,358292767,Broadarrow Track,track_grade4,TARGET,45.720831138440126
12106,Broadarrow 4Wd Track,811,358292767,Broadarrow Track,track_grade4,TARGET,63.47004490322024
12106,Broadarrow 4Wd Track,812,358292767,Broadarrow Track,track_grade4,TARGET,50.545303441503535
12106,Broadarrow 4Wd Track,813,358292767,Broadarrow Track,track_grade4,TARGET,61.38860562028903
12106,Broadarrow 4Wd Track,814,358292767,Broadarrow Track,track_grade4,TARGET,57.803330353939145
12106,Broadarrow 4Wd Track,815,358292767,Broadarrow Track,track_grade4,TARGET,22.35955276833979
12106,Broadarrow 4Wd Track,816,358292767,Broadarrow Track,track_grade4,TARGET,46.70398698174623
12106,Broadarrow 4Wd Track,817,358292767,Broadarrow Track,track_grade4,TARGET,70.37723637652691
12106,Broadarrow 4Wd Track,818,358292767,Broadarrow Track,track_grade4,TARGET,30.907353493939898
12106,Broadarrow 4Wd Track,819,358292767,Broadarrow Track,track_grade4,TARGET,64.30662563072681
12106,Broadarrow 4Wd Track,820,358292767,Broadarrow Track,track_grade4,TARGET,63.34612221744591
12106,Broadarrow 4Wd Track,821,358292767,Broadarrow Track,track_grade4,TARGET,54.612618505334794
12106,Broadarrow 4Wd Track,822,358292767,Broadarrow Track,track_grade4,TARGET,50.96620448886097
12106,Broadarrow 4Wd Track,823,358292767,Broadarrow Track,track_grade4,TARGET,61.857384361049746
12106,Broadarrow 4Wd Track,824,358292767,Broadarrow Track,track_grade4,TARGET,33.61792676533363
12106,Broadarrow 4Wd Track,825,358292767,Broadarrow Track,track_grade4,TARGET,40.34279241701361
12106,Broadarrow 4Wd Track,826,358292767,Broadarrow Track,track_grade4,TARGET,35.823234080730124
12106,Broadarrow 4Wd Track,827,358292767,Broadarrow Track,track_grade4,TARGET,25.555273428375184
12106,Broadarrow 4Wd Track,828,358292767,Broadarrow Track,track_grade4,TARGET,50.90604679200935
12106,Broadarrow 4Wd Track,829,358292767,Broadarrow Track,track_grade4,TARGET,58.6600136378744
12106,Broadarrow 4Wd Track,830,358292767,Broadarrow Track,track_grade4,TARGET,74.2686508562729
12106,Broadarrow 4Wd Track,831,358292767,Broadarrow Track,track_grade4,TARGET,38.19047656148849
12106,Broadarrow 4Wd Track,832,358292767,Broadarrow Track,track_grade4,TARGET,32.05537708413556
12106,Broadarrow 4Wd Track,833,358292767,Broadarrow Track,track_grade4,TARGET,63.644205549342445
12106,Broadarrow 4Wd Track,834,358292767,Broadarrow Track,track_grade4,TARGET,63.54551754448604
12106,Broadarrow 4Wd Track,835,358292767,Broadarrow Track,track_grade4,TARGET,52.56715704702594
12106,Broadarrow 4Wd Track,836,358292767,Broadarrow Track,track_grade4,TARGET,69.84741226404057
12106,Broadarrow 4Wd Track,837,358292767,Broadarrow Track,track_grade4,TARGET,28.9384674783618
12106,Broadarrow 4Wd Track,838,358292767,Broadarrow Track,track_grade4,TARGET,27.722743370797808
12106,Broadarrow 4Wd Track,839,358292767,Broadarrow Track,track_grade4,TARGET,19.091990467175986
12106,Broadarrow 4Wd Track,840,358292767,Broadarrow Track,track_grade4,TARGET,22.64125659064407
12106,Broadarrow 4Wd Track,841,358292767,Broadarrow Track,track_grade4,TARGET,49.166527231302695
12106,Broadarrow 4Wd Track,842,358292767,Broadarrow Track,track_grade4,TARGET,54.43956006454304
12106,Broadarrow 4Wd Track,843,358292767,Broadarrow Track,track_grade4,TARGET,21.204386338518713
12106,Broadarrow 4Wd Track,844,358292767,Broadarrow Track,track_grade4,TARGET,22.389338980906466
12106,Broadarrow 4Wd Track,845,358292767,Broadarrow Track,track_grade4,TARGET,19.74095489081267
12106,Broadarrow 4Wd Track,846,358292767,Broadarrow Track,track_grade4,TARGET,21.60841734140636
12106,Broadarrow 4Wd Track,847,358292767,Broadarrow Track,track_grade4,TARGET,61.264656205679216
12106,Broadarrow 4Wd Track,848,358292767,Broadarrow Track,track_grade4,TARGET,128.67378443167382
12106,Broadarrow 4Wd Track,849,358292767,Broadarrow Track,track_grade4,TARGET,77.7465844910532
12106,Broadarrow 4Wd Track,850,358292767,Broadarrow Track,track_grade4,TARGET,66.23476806020614
12106,Broadarrow 4Wd Track,851,358292767,Broadarrow Track,track_grade4,TARGET,40.42989611659581
12106,Broadarrow 4Wd Track,852,358292767,Broadarrow Track,track_grade4,TARGET,31.37991714456146
12106,Broadarrow 4Wd Track,853,358292767,Broadarrow Track,track_grade4,TARGET,65.00053307484296
12106,Broadarrow 4Wd Track,854,358292767,Broadarrow Track,track_grade4,TARGET,54.04096316675725
12106,Broadarrow 4Wd Track,855,358292767,Broadarrow Track,track_grade4,TARGET,51.36308791347282
12106,Broadarrow 4Wd Track,856,358292767,Broadarrow Track,track_grade4,TARGET,49.156518387532074
12106,Broadarrow 4Wd Track,857,358292767,Broadarrow Track,track_grade4,TARGET,64.10482821128551
12106,Broadarrow 4Wd Track,858,358292767,Broadarrow Track,track_grade4,TARGET,51.08088096350358
12106,Broadarrow 4Wd Track,859,358292767,Broadarrow Track,track_grade4,TARGET,78.95886334045102
12106,Broadarrow 4Wd Track,860,358292767,Broadarrow Track,track_grade4,TARGET,65.73876253783752
12106,Broadarrow 4Wd Track,861,358292767,Broadarrow Track,track_grade4,TARGET,84.3564253626378
12106,Broadarrow 4Wd Track,862,358292767,Broadarrow Track,track_grade4,TARGET,33.49565494225456
12106,Broadarrow 4Wd Track,863,358292767,Broadarrow Track,track_grade4,TARGET,40.844546759477296
12106,Broadarrow 4Wd Track,864,358292767,Broadarrow Track,track_grade4,TARGET,64.63117668749767
12106,Broadarrow 4Wd Track,865,358292767,Broadarrow Track,track_grade4,TARGET,36.085311416197875
12106,Broadarrow 4Wd Track,866,358292767,Broadarrow Track,track_grade4,TARGET,64.38068343835856
12106,Broadarrow 4Wd Track,867,358292767,Broadarrow Track,track_grade4,TARGET,90.08716057238081
12106,Broadarrow 4Wd Track,868,358292767,Broadarrow Track,track_grade4,TARGET,43.566437770488925
12106,Broadarrow 4Wd Track,869,358292767,Broadarrow Track,track_grade4,TARGET,36.88768087051855
12106,Broadarrow 4Wd Track,870,358292767,Broadarrow Track,track_grade4,TARGET,46.40635301322572
12106,Broadarrow 4Wd Track,871,358292767,Broadarrow Track,track_grade4,TARGET,53.49114506159802
12106,Broadarrow 4Wd Track,872,358292767,Broadarrow Track,track_grade4,TARGET,44.772925970944065
12106,Broadarrow 4Wd Track,873,358292767,Broadarrow Track,track_grade4,TARGET,44.686785518827364
12106,Broadarrow 4Wd Track,874,358292767,Broadarrow Track,track_grade4,TARGET,24.71487406397166
12106,Broadarrow 4Wd Track,875,358292767,Broadarrow Track,track_grade4,TARGET,52.832310189884545
12106,Broadarrow 4Wd Track,876,358292767,Broadarrow Track,track_grade4,TARGET,42.51808556367571
12106,Broadarrow 4Wd Track,877,358292767,Broadarrow Track,track_grade4,TARGET,36.29031000143113
12106,Broadarrow 4Wd Track,878,358292767,Broadarrow Track,track_grade4,TARGET,17.214740776324
12106,Broadarrow 4Wd Track,879,358292767,Broadarrow Track,track_grade4,TARGET,47.44143547583002
12106,Broadarrow 4Wd Track,880,358292767,Broadarrow Track,track_grade4,TARGET,56.217226007593474
12106,Broadarrow 4Wd Track,881,358292767,Broadarrow Track,track_grade4,TARGET,35.04458446044263
12106,Broadarrow 4Wd Track,882,358292767,Broadarrow Track,track_grade4,TARGET,35.56509665390903
12106,Broadarrow 4Wd Track,883,358292767,Broadarrow Track,track_grade4,TARGET,31.81491788448094
12106,Broadarrow 4Wd Track,884,358292767,Broadarrow Track,track_grade4,TARGET,51.14677897971389
12106,Broadarrow 4Wd Track,885,358292767,Broadarrow Track,track_grade4,TARGET,71.55962898180897
12106,Broadarrow 4Wd Track,886,358292767,Broadarrow Track,track_grade4,TARGET,84.89393205624081
12106,Broadarrow 4Wd Track,887,358292767,Broadarrow Track,track_grade4,TARGET,96.98691251926753
12106,Broadarrow 4Wd Track,888,358292767,Broadarrow Track,track_grade4,TARGET,54.718283050613316
12106,Broadarrow 4Wd Track,889,358292767,Broadarrow Track,track_grade4,TARGET,35.933076684199754
12106,Broadarrow 4Wd Track,890,358292767,Broadarrow Track,track_grade4,TARGET,56.70637089423665
12106,Broadarrow 4Wd Track,891,358292767,Broadarrow Track,track_grade4,TARGET,74.56580583630965
12106,Broadarrow 4Wd Track,892,358292767,Broadarrow Track,track_grade4,TARGET,63.85917710076124
12106,Broadarrow 4Wd Track,893,358292767,Broadarrow Track,track_grade4,TARGET,55.54511769723998
12106,Broadarrow 4Wd Track,894,358292767,Broadarrow Track,track_grade4,TARGET,63.59643071755036
12106,Broadarrow 4Wd Track,895,358292767,Broadarrow Track,track_grade4,TARGET,62.5321757177796
12106,Broadarrow 4Wd Track,896,358292767,Broadarrow Track,track_grade4,TARGET,65.49621210422714
12106,Broadarrow 4Wd Track,897,358292767,Broadarrow Track,track_grade4,TARGET,33.30731000843175
12106,Broadarrow 4Wd Track,898,358292767,Broadarrow Track,track_grade4,TARGET,60.94417527543883
12106,Broadarrow 4Wd Track,899,358292767,Broadarrow Track,track_grade4,TARGET,46.978264122722756
12106,Broadarrow 4Wd Track,900,358292767,Broadarrow Track,track_grade4,TARGET,72.95825724358085
12106,Broadarrow 4Wd Track,901,358292767,Broadarrow Track,track_grade4,TARGET,82.77782915719959
12106,Broadarrow 4Wd Track,902,358292767,Broadarrow Track,track_grade4,TARGET,87.81015260207569
12106,Broadarrow 4Wd Track,903,358292767,Broadarrow Track,track_grade4,TARGET,103.55242633572162
12106,Broadarrow 4Wd Track,904,358292767,Broadarrow Track,track_grade4,TARGET,105.36022826476204
12106,Broadarrow 4Wd Track,905,358292767,Broadarrow Track,track_grade4,TARGET,85.16345812604119
12106,Broadarrow 4Wd Track,906,358292767,Broadarrow Track,track_grade4,TARGET,117.06981549486996
12106,Broadarrow 4Wd Track,907,358292767,Broadarrow Track,track_grade4,TARGET,95.55650318003426
12106,Broadarrow 4Wd Track,908,358292767,Broadarrow Track,track_grade4,TARGET,104.10769664149657
12106,Broadarrow 4Wd Track,909,358292767,Broadarrow Track,track_grade4,TARGET,36.319363981267074
12106,Broadarrow 4Wd Track,910,358292767,Broadarrow Track,track_grade4,TARGET,76.6887977477475
12106,Broadarrow 4Wd Track,911,358292767,Broadarrow Track,track_grade4,TARGET,98.58640930677481
12106,Broadarrow 4Wd Track,912,358292767,Broadarrow Track,track_grade4,TARGET,173.0941963209008
12106,Broadarrow 4Wd Track,913,358292767,Broadarrow Track,track_grade4,TARGET,143.13029728207815
12106,Broadarrow 4Wd Track,914,358292767,Broadarrow Track,track_grade4,TARGET,133.46949801340708
12106,Broadarrow 4Wd Track,915,358292767,Broadarrow Track,track_grade4,TARGET,154.19073675170816
12106,Broadarrow 4Wd Track,916,358292767,Broadarrow Track,track_grade4,TARGET,132.34815185716153
12106,Broadarrow 4Wd Track,917,358292767,Broadarrow Track,track_grade4,TARGET,107.32650418236894
12106,Broadarrow 4Wd Track,918,358292767,Broadarrow Track,track_grade4,TARGET,162.89445325103728
12106,Broadarrow 4Wd Track,919,358292767,Broadarrow Track,track_grade4,TARGET,150.7699389800376
12106,Broadarrow 4Wd Track,920,358292767,Broadarrow Track,track_grade4,TARGET,179.33170383383734
12106,Broadarrow 4Wd Track,921,358292767,Broadarrow Track,track_grade4,TARGET,127.56505203224317
12106,Broadarrow 4Wd Track,922,358292767,Broadarrow Track,track_grade4,TARGET,224.91515489185392
12106,Broadarrow 4Wd Track,923,358292767,Broadarrow Track,track_grade4,TARGET,223.0744980942337
12106,Broadarrow 4Wd Track,924,358292767,Broadarrow Track,track_grade4,TARGET,89.93909550356919
12106,Broadarrow 4Wd Track,925,358292767,Broadarrow Track,track_grade4,TARGET,87.41257175027475
12106,Broadarrow 4Wd Track,926,358292767,Broadarrow Track,track_grade4,TARGET,168.91199631760466
12106,Broadarrow 4Wd Track,927,358292767,Broadarrow Track,track_grade4,TARGET,71.26798790485914
12106,Broadarrow 4Wd Track,928,358292767,Broadarrow Track,track_grade4,TARGET,57.24515874727336
12106,Broadarrow 4Wd Track,929,358292767,Broadarrow Track,track_grade4,TARGET,149.9694988988214
12106,Broadarrow 4Wd Track,930,358292767,Broadarrow Track,track_grade4,TARGET,130.13660707127525
12106,Broadarrow 4Wd Track,931,358292767,Broadarrow Track,track_grade4,TARGET,123.54516461610088
12106,Broadarrow 4Wd Track,932,358292767,Broadarrow Track,track_grade4,TARGET,90.54743563445368
12106,Broadarrow 4Wd Track,933,358292767,Broadarrow Track,track_grade4,TARGET,75.1389812281081
12106,Broadarrow 4Wd Track,934,358292767,Broadarrow Track,track_grade4,TARGET,50.937076869431486
12106,Broadarrow 4Wd Track,935,358292767,Broadarrow Track,track_grade4,TARGET,64.13148758607552
12106,Broadarrow 4Wd Track,936,358292767,Broadarrow Track,track_grade4,TARGET,87.22025108873797
12106,Broadarrow 4Wd Track,937,358292767,Broadarrow Track,track_grade4,TARGET,68.29879061893956
12106,Broadarrow 4Wd Track,938,358292767,Broadarrow Track,track_grade4,TARGET,119.51817811534008
12106,Broadarrow 4Wd Track,939,358292767,Broadarrow Track,track_grade4,TARGET,115.34021718385634
12106,Broadarrow 4Wd Track,940,358292767,Broadarrow Track,track_grade4,TARGET,115.60790630399427
12106,Broadarrow 4Wd Track,941,358292767,Broadarrow Track,track_grade4,TARGET,174.1391610176866
12106,Broadarrow 4Wd Track,942,358292767,Broadarrow Track,track_grade4,TARGET,142.53199781101824
12106,Broadarrow 4Wd Track,943,358292767,Broadarrow Track,track_grade4,TARGET,207.49601851601378
12106,Broadarrow 4Wd Track,944,358292767,Broadarrow Track,track_grade4,TARGET,44.87613731154769
12106,Broadarrow 4Wd Track,945,358292767,Broadarrow Track,track_grade4,TARGET,117.21663789749198
12106,Broadarrow 4Wd Track,946,358292767,Broadarrow Track,track_grade4,TARGET,267.38249101238927
12106,Broadarrow 4Wd Track,947,358292767,Broadarrow Track,track_grade4,TARGET,82.93257020031501
12106,Broadarrow 4Wd Track,948,358292767,Broadarrow Track,track_grade4,TARGET,68.15318774628983
12106,Broadarrow 4Wd Track,949,358292767,Broadarrow Track,track_grade4,TARGET,85.40585460039529
12106,Broadarrow 4Wd Track,950,358292767,Broadarrow Track,track_grade4,TARGET,66.55503887754593
12106,Broadarrow 4Wd Track,951,358292767,Broadarrow Track,track_grade4,TARGET,109.735394472351
12106,Broadarrow 4Wd Track,952,358292767,Broadarrow Track,track_grade4,TARGET,135.00620726476527
12106,Broadarrow 4Wd Track,953,358292767,Broadarrow Track,track_grade4,TARGET,32.6273658144836
12106,Broadarrow 4Wd Track,954,358292767,Broadarrow Track,track_grade4,TARGET,36.5105190321142
12106,Broadarrow 4Wd Track,955,358292767,Broadarrow Track,track_grade4,TARGET,48.30391495526564
12106,Broadarrow 4Wd Track,956,358292767,Broadarrow Track,track_grade4,TARGET,94.14934997129595
12106,Broadarrow 4Wd Track,957,358292767,Broadarrow Track,track_grade4,TARGET,69.18306223338426
12106,Broadarrow 4Wd Track,958,358292767,Broadarrow Track,track_grade4,TARGET,143.70243491323214
12106,Broadarrow 4Wd Track,959,358292767,Broadarrow Track,track_grade4,TARGET,69.17214034574579
12106,Broadarrow 4Wd Track,960,358292767,Broadarrow Track,track_grade4,TARGET,123.0378291420531
12106,Broadarrow 4Wd Track,961,358292767,Broadarrow Track,track_grade4,TARGET,172.82608252226836
12106,Broadarrow 4Wd Track,962,358292767,Broadarrow Track,track_grade4,TARGET,104.8945418027692
12106,Broadarrow 4Wd Track,963,358292767,Broadarrow Track,track_grade4,TARGET,105.85572114922138
12106,Broadarrow 4Wd Track,964,358292767,Broadarrow Track,track_grade4,TARGET,99.92558230983516
12106,Broadarrow 4Wd Track,965,358292767,Broadarrow Track,track_grade4,TARGET,123.57515931619392
12106,Broadarrow 4Wd Track,966,358292767,Broadarrow Track,track_grade4,TARGET,127.61729349890065
12106,Broadarrow 4Wd Track,967,358292767,Broadarrow Track,track_grade4,TARGET,143.02966475526387
12106,Broadarrow 4Wd Track,968,358292767,Broadarrow Track,track_grade4,TARGET,102.0328113893854
12106,Broadarrow 4Wd Track,969,358292767,Broadarrow Track,track_grade4,TARGET,47.77919421673039
12106,Broadarrow 4Wd Track,970,358292767,Broadarrow Track,track_grade4,TARGET,62.06548960576718
12106,Broadarrow 4Wd Track,971,358292767,Broadarrow Track,track_grade4,TARGET,82.77158751638906
12106,Broadarrow 4Wd Track,972,358292767,Broadarrow Track,track_grade4,TARGET,97.27359456711038
12106,Broadarrow 4Wd Track,973,358292767,Broadarrow Track,track_grade4,TARGET,83.99539332597455
12106,Broadarrow 4Wd Track,974,358292767,Broadarrow Track,track_grade4,TARGET,65.02366646082356
12106,Broadarrow 4Wd Track,975,358292767,Broadarrow Track,track_grade4,TARGET,85.2494340157465
12106,Broadarrow 4Wd Track,976,358292767,Broadarrow Track,track_grade4,TARGET,53.483613378297235
12106,Broadarrow 4Wd Track,977,358292767,Broadarrow Track,track_grade4,TARGET,77.2984637621588
12106,Broadarrow 4Wd Track,978,358292767,Broadarrow Track,track_grade4,TARGET,66.31631548877498
12106,Broadarrow 4Wd Track,979,358292767,Broadarrow Track,track_grade4,TARGET,62.5338004603033
12106,Broadarrow 4Wd Track,980,358292767,Broadarrow Track,track_grade4,TARGET,89.73016271009423
12106,Broadarrow 4Wd Track,981,358292767,Broadarrow Track,track_grade4,TARGET,83.71702933093653
12106,Broadarrow 4Wd Track,982,358292767,Broadarrow Track,track_grade4,TARGET,37.74213560480193
12106,Broadarrow 4Wd Track,983,358292767,Broadarrow Track,track_grade4,TARGET,57.846702585209876
12106,Broadarrow 4Wd Track,984,358292767,Broadarrow Track,track_grade4,TARGET,74.05898797581082
12106,Broadarrow 4Wd Track,985,358292767,Broadarrow Track,track_grade4,TARGET,65.1017664890631
12106,Broadarrow 4Wd Track,986,358292767,Broadarrow Track,track_grade4,TARGET,39.1192395120965
12106,Broadarrow 4Wd Track,987,358292767,Broadarrow Track,track_grade4,TARGET,37.91077551314591
12106,Broadarrow 4Wd Track,988,358292767,Broadarrow Track,track_grade4,TARGET,25.916820792545394
12106,Broadarrow 4Wd Track,989,358292767,Broadarrow Track,track_grade4,TARGET,41.53285446498956
12106,Broadarrow 4Wd Track,990,358292767,Broadarrow Track,track_grade4,TARGET,53.86472407789676
12106,Broadarrow 4Wd Track,991,358292767,Broadarrow Track,track_grade4,TARGET,58.5383267611338
12106,Broadarrow 4Wd Track,992,358292767,Broadarrow Track,track_grade4,TARGET,108.26223210338274
12106,Broadarrow 4Wd Track,993,358292767,Broadarrow Track,track_grade4,TARGET,74.96543270081771
12106,Broadarrow 4Wd Track,994,358292767,Broadarrow Track,track_grade4,TARGET,54.153039619130226
12106,Broadarrow 4Wd Track,995,358292767,Broadarrow Track,track_grade4,TARGET,77.07055793237241
12106,Broadarrow 4Wd Track,996,358292767,Broadarrow Track,track_grade4,TARGET,70.90150421533399
12106,Broadarrow 4Wd Track,997,358292767,Broadarrow Track,track_grade4,TARGET,52.272330156542075
12106,Broadarrow 4Wd Track,998,358292767,Broadarrow Track,track_grade4,TARGET,42.864056037714974
12106,Broadarrow 4Wd Track,999,358292767,Broadarrow Track,track_grade4,TARGET,50.13450408647547
12106,Broadarrow 4Wd Track,1000,358292767,Broadarrow Track,track_grade4,TARGET,34.330685981989824
12106,Broadarrow 4Wd Track,1001,358292767,Broadarrow Track,track_grade4,TARGET,33.43111275460028
12106,Broadarrow 4Wd Track,1002,358292767,Broadarrow Track,track_grade4,TARGET,49.307327041591975
12106,Broadarrow 4Wd Track,1003,358292767,Broadarrow Track,track_grade4,TARGET,48.14779434201547
12106,Broadarrow 4Wd Track,1004,358292767,Broadarrow Track,track_grade4,TARGET,49.6606131657489
12106,Broadarrow 4Wd Track,1005,358292767,Broadarrow Track,track_grade4,TARGET,62.504915006880864
12106,Broadarrow 4Wd Track,1006,358292767,Broadarrow Track,track_grade4,TARGET,36.96245933371746
12106,Broadarrow 4Wd Track,1007,358292767,Broadarrow Track,track_grade4,TARGET,34.32457574384032
12106,Broadarrow 4Wd Track,1008,358292767,Broadarrow Track,track_grade4,TARGET,49.15817429487471
12106,Broadarrow 4Wd Track,1009,358292767,Broadarrow Track,track_grade4,TARGET,153.32797950800077
12106,Broadarrow 4Wd Track,1010,358292767,Broadarrow Track,track_grade4,TARGET,123.59609864392486
12106,Broadarrow 4Wd Track,1011,358292767,Broadarrow Track,track_grade4,TARGET,194.44771276617433
12106,Broadarrow 4Wd Track,1012,358292767,Broadarrow Track,track_grade4,TARGET,70.60877070166251
12106,Broadarrow 4Wd Track,1013,358292767,Broadarrow Track,track_grade4,TARGET,71.73678623966087
12106,Broadarrow 4Wd Track,1014,358292767,Broadarrow Track,track_grade4,TARGET,103.96282268200844
12106,Broadarrow 4Wd Track,1015,358292767,Broadarrow Track,track_grade4,TARGET,54.91491782745695
12106,Broadarrow 4Wd Track,1016,358292767,Broadarrow Track,track_grade4,TARGET,60.27921117602259
12106,Broadarrow 4Wd Track,1017,358292767,Broadarrow Track,track_grade4,TARGET,64.7931107448238
12106,Broadarrow 4Wd Track,1018,358292767,Broadarrow Track,track_grade4,TARGET,52.11701929311737
12106,Broadarrow 4Wd Track,1019,358292767,Broadarrow Track,track_grade4,TARGET,53.47182903172348
12106,Broadarrow 4Wd Track,1020,358292767,Broadarrow Track,track_grade4,TARGET,47.526519965158485
12106,Broadarrow 4Wd Track,1021,358292767,Broadarrow Track,track_grade4,TARGET,51.69795837369903
12106,Broadarrow 4Wd Track,1022,358292767,Broadarrow Track,track_grade4,TARGET,67.9132166812638
12106,Broadarrow 4Wd Track,1023,358292767,Broadarrow Track,track_grade4,TARGET,81.02765577255819
12106,Broadarrow 4Wd Track,1024,358292767,Broadarrow Track,track_grade4,TARGET,97.21937512657836
12106,Broadarrow 4Wd Track,1025,358292767,Broadarrow Track,track_grade4,TARGET,91.19137020575478
12106,Broadarrow 4Wd Track,1026,358292767,Broadarrow Track,track_grade4,TARGET,113.5160341097109
12106,Broadarrow 4Wd Track,1027,358292767,Broadarrow Track,track_grade4,TARGET,76.85438829372306
12106,Broadarrow 4Wd Track,1028,358292767,Broadarrow Track,track_grade4,TARGET,69.93144428644418
12106,Broadarrow 4Wd Track,1029,358292767,Broadarrow Track,track_grade4,TARGET,78.91018248612342
12106,Broadarrow 4Wd Track,1030,358292767,Broadarrow Track,track_grade4,TARGET,68.63440099554231
12106,Broadarrow 4Wd Track,1031,358292767,Broadarrow Track,track_grade4,TARGET,25.316636822384172
12106,Broadarrow 4Wd Track,1032,358292767,Broadarrow Track,track_grade4,TARGET,66.18138182298149
12106,Broadarrow 4Wd Track,1033,358292767,Broadarrow Track,track_grade4,TARGET,81.8240612534059
12106,Broadarrow 4Wd Track,1034,358292767,Broadarrow Track,track_grade4,TARGET,74.76036182361871
12106,Broadarrow 4Wd Track,1035,358292767,Broadarrow Track,track_grade4,TARGET,88.59659417837497
12106,Broadarrow 4Wd Track,1036,358292767,Broadarrow Track,track_grade4,TARGET,66.40291108076258
12106,Broadarrow 4Wd Track,1037,358292767,Broadarrow Track,track_grade4,TARGET,75.31302211437104
12106,Broadarrow 4Wd Track,1038,358292767,Broadarrow Track,track_grade4,TARGET,41.88770941468996
12106,Broadarrow 4Wd Track,1039,358292767,Broadarrow Track,track_grade4,TARGET,77.44790507171946
12106,Broadarrow 4Wd Track,1040,358292767,Broadarrow Track,track_grade4,TARGET,53.73616380055116
12106,Broadarrow 4Wd Track,1041,358292767,Broadarrow Track,track_grade4,TARGET,65.41451291563797
12106,Broadarrow 4Wd Track,1042,358292767,Broadarrow Track,track_grade4,TARGET,65.32773989677715
12106,Broadarrow 4Wd Track,1043,358292767,Broadarrow Track,track_grade4,TARGET,73.64960352918786
12106,Broadarrow 4Wd Track,1044,358292767,Broadarrow Track,track_grade4,TARGET,76.10524094954576
12106,Broadarrow 4Wd Track,1045,358292767,Broadarrow Track,track_grade4,TARGET,48.28957340879227
12106,Broadarrow 4Wd Track,1046,358292767,Broadarrow Track,track_grade4,TARGET,65.30946792002725
12106,Broadarrow 4Wd Track,1047,358292767,Broadarrow Track,track_grade4,TARGET,39.24725340710181
12106,Broadarrow 4Wd Track,1048,358292767,Broadarrow Track,track_grade4,TARGET,58.760810069299396
12106,Broadarrow 4Wd Track,1049,358292767,Broadarrow Track,track_grade4,TARGET,34.570441131055425
12106,Broadarrow 4Wd Track,1050,358292767,Broadarrow Track,track_grade4,TARGET,56.488455457733
12106,Broadarrow 4Wd Track,1051,358292767,Broadarrow Track,track_grade4,TARGET,73.37576711693522
12106,Broadarrow 4Wd Track,1052,358292767,Broadarrow Track,track_grade4,TARGET,89.450617102403
12106,Broadarrow 4Wd Track,1053,358292767,Broadarrow Track,track_grade4,TARGET,86.84912204511426
12106,Broadarrow 4Wd Track,1054,358292767,Broadarrow Track,track_grade4,TARGET,39.72459817286626
12106,Broadarrow 4Wd Track,1055,358292767,Broadarrow Track,track_grade4,TARGET,47.72448009149033
12106,Broadarrow 4Wd Track,1056,358292767,Broadarrow Track,track_grade4,TARGET,61.83791797914647
12106,Broadarrow 4Wd Track,1057,358292767,Broadarrow Track,track_grade4,TARGET,59.280378709997684
12106,Broadarrow 4Wd Track,1058,358292767,Broadarrow Track,track_grade4,TARGET,31.314547737448
12106,Broadarrow 4Wd Track,1059,358292767,Broadarrow Track,track_grade4,TARGET,32.167469592738314
12106,Broadarrow 4Wd Track,1060,358292767,Broadarrow Track,track_grade4,TARGET,23.60822949734894
12106,Broadarrow 4Wd Track,1061,358292767,Broadarrow Track,track_grade4,TARGET,47.11902906475985
12106,Broadarrow 4Wd Track,1062,358292767,Broadarrow Track,track_grade4,TARGET,66.71823214083136
12106,Broadarrow 4Wd Track,1063,358292767,Broadarrow Track,track_grade4,TARGET,46.57969085341853
12106,Broadarrow 4Wd Track,1064,358292767,Broadarrow Track,track_grade4,TARGET,44.25879008738807
12106,Broadarrow 4Wd Track,1065,358292767,Broadarrow Track,track_grade4,TARGET,63.2887873166115
12106,Broadarrow 4Wd Track,1066,358292767,Broadarrow Track,track_grade4,TARGET,69.92420038866264
12106,Broadarrow 4Wd Track,1067,358292767,Broadarrow Track,track_grade4,TARGET,50.03096041449115
12106,Broadarrow 4Wd Track,1068,358292767,Broadarrow Track,track_grade4,TARGET,57.552702803612426
12106,Broadarrow 4Wd Track,1069,358292767,Broadarrow Track,track_grade4,TARGET,38.821799288574724
12106,Broadarrow 4Wd Track,1070,358292767,Broadarrow Track,track_grade4,TARGET,38.8915582099253
12106,Broadarrow 4Wd Track,1071,358292767,Broadarrow Track,track_grade4,TARGET,134.79512046061876
12106,Broadarrow 4Wd Track,1072,358292767,Broadarrow Track,track_grade4,TARGET,83.52612824743912
12106,Broadarrow 4Wd Track,1073,358292767,Broadarrow Track,track_grade4,TARGET,58.74217650025941
12106,Broadarrow 4Wd Track,1074,358292767,Broadarrow Track,track_grade4,TARGET,38.599695594713474
12106,Broadarrow 4Wd Track,1075,358292767,Broadarrow Track,track_grade4,TARGET,45.67752729740855
12106,Broadarrow 4Wd Track,1076,358292767,Broadarrow Track,track_grade4,TARGET,67.10174438859109
12106,Broadarrow 4Wd Track,1077,358292767,Broadarrow Track,track_grade4,TARGET,62.98977139183611
12106,Broadarrow 4Wd Track,1078,358292767,Broadarrow Track,track_grade4,TARGET,82.29904130669188
12106,Broadarrow 4Wd Track,1079,358292767,Broadarrow Track,track_grade4,TARGET,110.2260790376095
12106,Broadarrow 4Wd Track,1080,358292767,Broadarrow Track,track_grade4,TARGET,103.4437286644639
12106,Broadarrow 4Wd Track,1081,358292767,Broadarrow Track,track_grade4,TARGET,58.78463829947738
12106,Broadarrow 4Wd Track,1082,358292767,Broadarrow Track,track_grade4,TARGET,34.28935840752264
12106,Broadarrow 4Wd Track,1083,358292767,Broadarrow Track,track_grade4,TARGET,30.476477814842934
12106,Broadarrow 4Wd Track,1084,358292767,Broadarrow Track,track_grade4,TARGET,43.2218891304012
12106,Broadarrow 4Wd Track,1085,358292767,Broadarrow Track,track_grade4,TARGET,66.53885782007235
12106,Broadarrow 4Wd Track,1086,358292767,Broadarrow Track,track_grade4,TARGET,59.9842187579773
12106,Broadarrow 4Wd Track,1087,358292767,Broadarrow Track,track_grade4,TARGET,66.07403423431658
12106,Broadarrow 4Wd Track,1088,358292767,Broadarrow Track,track_grade4,TARGET,65.39390950220456
12106,Broadarrow 4Wd Track,1089,358292767,Broadarrow Track,track_grade4,TARGET,76.30559743570088
12106,Broadarrow 4Wd Track,1090,358292767,Broadarrow Track,track_grade4,TARGET,50.831537454537134
12106,Broadarrow 4Wd Track,1091,358292767,Broadarrow Track,track_grade4,TARGET,100.45866662469145
12106,Broadarrow 4Wd Track,1092,358292767,Broadarrow Track,track_grade4,TARGET,104.20342604720976
12106,Broadarrow 4Wd Track,1093,358292767,Broadarrow Track,track_grade4,TARGET,72.08122640476579
12106,Broadarrow 4Wd Track,1094,358292767,Broadarrow Track,track_grade4,TARGET,78.59898027330193
12106,Broadarrow 4Wd Track,1095,358292767,Broadarrow Track,track_grade4,TARGET,49.89303057544104
12106,Broadarrow 4Wd Track,1096,358292767,Broadarrow Track,track_grade4,TARGET,33.922066564424675
12106,Broadarrow 4Wd Track,1097,358292767,Broadarrow Track,track_grade4,TARGET,44.91063348472135
12106,Broadarrow 4Wd Track,1098,358292767,Broadarrow Track,track_grade4,TARGET,37.39295388168235
12106,Broadarrow 4Wd Track,1099,358292767,Broadarrow Track,track_grade4,TARGET,71.86246934250225
12106,Broadarrow 4Wd Track,1100,358292767,Broadarrow Track,track_grade4,TARGET,103.63267631397224
12106,Broadarrow 4Wd Track,1101,358292767,Broadarrow Track,track_grade4,TARGET,84.11531608453554
12106,Broadarrow 4Wd Track,1102,358292767,Broadarrow Track,track_grade4,TARGET,74.1825889275882
12106,Broadarrow 4Wd Track,1103,358292767,Broadarrow Track,track_grade4,TARGET,47.74231351745624
12106,Broadarrow 4Wd Track,1104,358292767,Broadarrow Track,track_grade4,TARGET,62.00716894038875
12106,Broadarrow 4Wd Track,1105,358292767,Broadarrow Track,track_grade4,TARGET,64.82971695145609
12106,Broadarrow 4Wd Track,1106,358292767,Broadarrow Track,track_grade4,TARGET,65.9270293581044
12106,Broadarrow 4Wd Track,1107,358292767,Broadarrow Track,track_grade4,TARGET,47.93567773596108
12106,Broadarrow 4Wd Track,1108,358292767,Broadarrow Track,track_grade4,TARGET,63.197362286688005
12106,Broadarrow 4Wd Track,1109,358292767,Broadarrow Track,track_grade4,TARGET,46.64729359781612
12106,Broadarrow 4Wd Track,1110,358292767,Broadarrow Track,track_grade4,TARGET,63.67597034987827
12106,Broadarrow 4Wd Track,1111,358292767,Broadarrow Track,track_grade4,TARGET,37.619447098553565
12106,Broadarrow 4Wd Track,1112,358292767,Broadarrow Track,track_grade4,TARGET,97.76007620697074
12106,Broadarrow 4Wd Track,1113,358292767,Broadarrow Track,track_grade4,TARGET,67.60847949779308
12106,Broadarrow 4Wd Track,1114,358292767,Broadarrow Track,track_grade4,TARGET,118.82306383862829
12106,Broadarrow 4Wd Track,1115,358292767,Broadarrow Track,track_grade4,TARGET,99.47220114182032
12106,Broadarrow 4Wd Track,1116,358292767,Broadarrow Track,track_grade4,TARGET,101.7681531717821
12106,Broadarrow 4Wd Track,1117,358292767,Broadarrow Track,track_grade4,TARGET,65.59787267889416
12106,Broadarrow 4Wd Track,1118,358292767,Broadarrow Track,track_grade4,TARGET,80.95870861124206
12106,Broadarrow 4Wd Track,1119,358292767,Broadarrow Track,track_grade4,TARGET,89.55197373597733
12106,Broadarrow 4Wd Track,1120,358292767,Broadarrow Track,track_grade4,TARGET,166.07282077446504
12106,Broadarrow 4Wd Track,1121,358292767,Broadarrow Track,track_grade4,TARGET,132.64417853795877
12106,Broadarrow 4Wd Track,1122,358292767,Broadarrow Track,track_grade4,TARGET,165.00750195066956
12106,Broadarrow 4Wd Track,1123,358292767,Broadarrow Track,track_grade4,TARGET,64.39875775201217
12106,Broadarrow 4Wd Track,1124,358292767,Broadarrow Track,track_grade4,TARGET,125.26462549336591
12106,Broadarrow 4Wd Track,1125,358292767,Broadarrow Track,track_grade4,TARGET,48.44073182765207
12106,Broadarrow 4Wd Track,1126,358292767,Broadarrow Track,track_grade4,TARGET,98.43528737204953
12106,Broadarrow 4Wd Track,1127,358292767,Broadarrow Track,track_grade4,TARGET,86.25429612483373
12106,Broadarrow 4Wd Track,1128,358292767,Broadarrow Track,track_grade4,TARGET,83.25851367877152
12106,Broadarrow 4Wd Track,1129,358292767,Broadarrow Track,track_grade4,TARGET,32.04230016711446
12106,Broadarrow 4Wd Track,1130,358292767,Broadarrow Track,track_grade4,TARGET,147.79891339248434
12106,Broadarrow 4Wd Track,1131,358292767,Broadarrow Track,track_grade4,TARGET,190.42385669861156
12106,Broadarrow 4Wd Track,1132,358292767,Broadarrow Track,track_grade4,TARGET,55.268273901022845
12106,Broadarrow 4Wd Track,1133,358292767,Broadarrow Track,track_grade4,TARGET,48.048605598968265
12106,Broadarrow 4Wd Track,1134,358292767,Broadarrow Track,track_grade4,TARGET,154.52564900369126
12106,Broadarrow 4Wd Track,1135,358292767,Broadarrow Track,track_grade4,TARGET,83.43211132410164
12106,Broadarrow 4Wd Track,1136,358292767,Broadarrow Track,track_grade4,TARGET,90.70995590341
12106,Broadarrow 4Wd Track,1137,358292767,Broadarrow Track,track_grade4,TARGET,144.94444211498856
12106,Broadarrow 4Wd Track,1138,358292767,Broadarrow Track,track_grade4,TARGET,121.88807981097312
12106,Broadarrow 4Wd Track,1139,358292767,Broadarrow Track,track_grade4,TARGET,203.37952797652807
12106,Broadarrow 4Wd Track,1140,358292767,Broadarrow Track,track_grade4,TARGET,192.35876897099826
12106,Broadarrow 4Wd Track,1141,358292767,Broadarrow Track,track_grade4,TARGET,217.81090927670957
12106,Broadarrow 4Wd Track,1142,358292767,Broadarrow Track,track_grade4,TARGET,158.56396564163663
12106,Broadarrow 4Wd Track,1143,358292767,Broadarrow Track,track_grade4,TARGET,54.1364572170264
12106,Broadarrow 4Wd Track,1144,358292767,Broadarrow Track,track_grade4,TARGET,190.04902972651618
12106,Broadarrow 4Wd Track,1145,358292767,Broadarrow Track,track_grade4,TARGET,272.81287597909835
12106,Broadarrow 4Wd Track,1146,358292767,Broadarrow Track,track_grade4,TARGET,135.13023532876986
12106,Broadarrow 4Wd Track,1147,358292767,Broadarrow Track,track_grade4,TARGET,118.21629033257425
12106,Broadarrow 4Wd Track,1148,358292767,Broadarrow Track,track_grade4,TARGET,196.06272465715017
12106,Broadarrow 4Wd Track,1149,358292767,Broadarrow Track,track_grade4,TARGET,184.79274065834005
12106,Broadarrow 4Wd Track,1150,358292767,Broadarrow Track,track_grade4,TARGET,263.63769552173255
12106,Broadarrow 4Wd Track,1151,358292767,Broadarrow Track,track_grade4,TARGET,136.456575510288
12106,Broadarrow 4Wd Track,1152,358292767,Broadarrow Track,track_grade4,TARGET,119.98792272557304
12106,Broadarrow 4Wd Track,1153,358292767,Broadarrow Track,track_grade4,TARGET,221.74125574647837
12106,Broadarrow 4Wd Track,1154,358292767,Broadarrow Track,track_grade4,TARGET,136.81215479617427
12106,Broadarrow 4Wd Track,1155,358292767,Broadarrow Track,track_grade4,TARGET,111.6471678995935
12106,Broadarrow 4Wd Track,1156,358292767,Broadarrow Track,track_grade4,TARGET,149.26283998377986
12106,Broadarrow 4Wd Track,1157,358292767,Broadarrow Track,track_grade4,TARGET,107.83895817372105
12106,Broadarrow 4Wd Track,1158,358292767,Broadarrow Track,track_grade4,TARGET,111.80911054122353
12106,Broadarrow 4Wd Track,1159,358292767,Broadarrow Track,track_grade4,TARGET,27.350063985180352
12106,Broadarrow 4Wd Track,1160,358292767,Broadarrow Track,track_grade4,TARGET,27.2957872207253
12106,Broadarrow 4Wd Track,1161,358292767,Broadarrow Track,track_grade4,TARGET,143.2319217213386
12106,Broadarrow 4Wd Track,1162,358292767,Broadarrow Track,track_grade4,TARGET,120.3865827242191
12106,Broadarrow 4Wd Track,1163,358292767,Broadarrow Track,track_grade4,TARGET,133.64297587238315
12106,Broadarrow 4Wd Track,1164,358292767,Broadarrow Track,track_grade4,TARGET,115.27061203951688
12106,Broadarrow 4Wd Track,1165,358292767,Broadarrow Track,track_grade4,TARGET,155.51021381250035
12106,Broadarrow 4Wd Track,1166,358292767,Broadarrow Track,track_grade4,TARGET,153.00356139644725
12106,Broadarrow 4Wd Track,1167,358292767,Broadarrow Track,track_grade4,TARGET,105.43699018852422
12106,Broadarrow 4Wd Track,1168,358292767,Broadarrow Track,track_grade4,TARGET,103.39176949826674
12106,Broadarrow 4Wd Track,1169,358292767,Broadarrow Track,track_grade4,TARGET,74.21329260994825
12106,Broadarrow 4Wd Track,1170,358292767,Broadarrow Track,track_grade4,TARGET,172.5501695160893
12106,Broadarrow 4Wd Track,1171,358292767,Broadarrow Track,track_grade4,TARGET,114.80761734308774
12106,Broadarrow 4Wd Track,1172,358292767,Broadarrow Track,track_grade4,TARGET,69.46124387010616
12106,Broadarrow 4Wd Track,1173,358292767,Broadarrow Track,track_grade4,TARGET,212.96546785803775
12106,Broadarrow 4Wd Track,1174,358292767,Broadarrow Track,track_grade4,TARGET,149.27307124865274
12106,Broadarrow 4Wd Track,1175,358292767,Broadarrow Track,track_grade4,TARGET,168.1073662871854
12106,Broadarrow 4Wd Track,1176,358292767,Broadarrow Track,track_grade4,TARGET,135.50975057169993
12106,Broadarrow 4Wd Track,1177,358292767,Broadarrow Track,track_grade4,TARGET,96.81941799037146
12106,Broadarrow 4Wd Track,1178,358292767,Broadarrow Track,track_grade4,TARGET,79.24074835593375
12106,Broadarrow 4Wd Track,1179,358292767,Broadarrow Track,track_grade4,TARGET,66.82012421416583
12106,Broadarrow 4Wd Track,1180,358292767,Broadarrow Track,track_grade4,TARGET,107.31880823045752
12106,Broadarrow 4Wd Track,1181,358292767,Broadarrow Track,track_grade4,TARGET,147.0716519252078
12106,Broadarrow 4Wd Track,1182,358292767,Broadarrow Track,track_grade4,TARGET,79.9784852318205
12106,Broadarrow 4Wd Track,1183,358292767,Broadarrow Track,track_grade4,TARGET,59.71534141247628
12106,Broadarrow 4Wd Track,1184,358292767,Broadarrow Track,track_grade4,TARGET,133.6061233626567
12106,Broadarrow 4Wd Track,1185,358292767,Broadarrow Track,track_grade4,TARGET,88.74856167847193
12106,Broadarrow 4Wd Track,1186,358292767,Broadarrow Track,track_grade4,TARGET,77.91408601785231
12106,Broadarrow 4Wd Track,1187,358292767,Broadarrow Track,track_grade4,TARGET,120.23486515981327
12106,Broadarrow 4Wd Track,1188,358292767,Broadarrow Track,track_grade4,TARGET,90.28275859771078
12106,Broadarrow 4Wd Track,1189,358292767,Broadarrow Track,track_grade4,TARGET,59.412532347945636
12106,Broadarrow 4Wd Track,1190,358292767,Broadarrow Track,track_grade4,TARGET,54.74537423385547
12106,Broadarrow 4Wd Track,1191,358292767,Broadarrow Track,track_grade4,TARGET,86.60295664688643
12106,Broadarrow 4Wd Track,1192,358292767,Broadarrow Track,track_grade4,TARGET,107.0745987618077
12106,Broadarrow 4Wd Track,1193,358292767,Broadarrow Track,track_grade4,TARGET,90.04430298479271
12106,Broadarrow 4Wd Track,1194,358292767,Broadarrow Track,track_grade4,TARGET,60.42690294887735
12106,Broadarrow 4Wd Track,1195,358292767,Broadarrow Track,track_grade4,TARGET,130.22941296040253
12106,Broadarrow 4Wd Track,1196,358292767,Broadarrow Track,track_grade4,TARGET,82.22353920865726
12106,Broadarrow 4Wd Track,1197,358292767,Broadarrow Track,track_grade4,TARGET,90.38741615958838
12106,Broadarrow 4Wd Track,1198,358292767,Broadarrow Track,track_grade4,TARGET,57.0793307599089
12106,Broadarrow 4Wd Track,1199,358292767,Broadarrow Track,track_grade4,TARGET,62.113808448711
12106,Broadarrow 4Wd Track,1200,358292767,Broadarrow Track,track_grade4,TARGET,91.64919912357428
12106,Broadarrow 4Wd Track,1201,358292767,Broadarrow Track,track_grade4,TARGET,98.71844609799017
12106,Broadarrow 4Wd Track,1202,358292767,Broadarrow Track,track_grade4,TARGET,97.5689182065984
12106,Broadarrow 4Wd Track,1203,358292767,Broadarrow Track,track_grade4,TARGET,134.33618276546804
12106,Broadarrow 4Wd Track,1204,358292767,Broadarrow Track,track_grade4,TARGET,116.06980830516149
12106,Broadarrow 4Wd Track,1205,358292767,Broadarrow Track,track_grade4,TARGET,95.43214186008093
12106,Broadarrow 4Wd Track,1206,358292767,Broadarrow Track,track_grade4,TARGET,92.2805206964001
12106,Broadarrow 4Wd Track,1207,358292767,Broadarrow Track,track_grade4,TARGET,74.274370411365
12106,Broadarrow 4Wd Track,1208,358292767,Broadarrow Track,track_grade4,TARGET,59.180757852525595
12106,Broadarrow 4Wd Track,1209,358292767,Broadarrow Track,track_grade4,TARGET,61.01866681598083
12106,Broadarrow 4Wd Track,1210,358292767,Broadarrow Track,track_grade4,TARGET,70.13450292120449
12106,Broadarrow 4Wd Track,1211,358292767,Broadarrow Track,track_grade4,TARGET,44.00452817606934
12106,Broadarrow 4Wd Track,1212,358292767,Broadarrow Track,track_grade4,TARGET,48.39264820199003
12106,Broadarrow 4Wd Track,1213,358292767,Broadarrow Track,track_grade4,TARGET,64.89800998491658
12106,Broadarrow 4Wd Track,1214,358292767,Broadarrow Track,track_grade4,TARGET,48.36627027171892
12106,Broadarrow 4Wd Track,1215,358292767,Broadarrow Track,track_grade4,TARGET,42.85245850596622
12106,Broadarrow 4Wd Track,1216,358292767,Broadarrow Track,track_grade4,TARGET,43.84866930708044
12106,Broadarrow 4Wd Track,1217,358292767,Broadarrow Track,track_grade4,TARGET,68.37426782058755
12106,Broadarrow 4Wd Track,1218,358292767,Broadarrow Track,track_grade4,TARGET,86.01990292953627
12106,Broadarrow 4Wd Track,1219,358292767,Broadarrow Track,track_grade4,TARGET,61.258838545940456
12106,Broadarrow 4Wd Track,1220,358292767,Broadarrow Track,track_grade4,TARGET,83.50842472471064
12106,Broadarrow 4Wd Track,1221,358292767,Broadarrow Track,track_grade4,TARGET,16.24015086135897
12106,Broadarrow 4Wd Track,1222,358292767,Broadarrow Track,track_grade4,TARGET,53.48864739344693
12106,Broadarrow 4Wd Track,1223,358292767,Broadarrow Track,track_grade4,TARGET,46.26458256597579
12106,Broadarrow 4Wd Track,1224,358292767,Broadarrow Track,track_grade4,TARGET,37.5116088698149
12106,Broadarrow 4Wd Track,1225,358292767,Broadarrow Track,track_grade4,TARGET,31.688338549124236
12106,Broadarrow 4Wd Track,1226,358292767,Broadarrow Track,track_grade4,TARGET,30.466716265361544
12106,Broadarrow 4Wd Track,1227,358292767,Broadarrow Track,track_grade4,TARGET,34.349736534744885
12106,Broadarrow 4Wd Track,1228,358292767,Broadarrow Track,track_grade4,TARGET,28.581175623080725
12106,Broadarrow 4Wd Track,1229,358292767,Broadarrow Track,track_grade4,TARGET,22.82268389125226
12106,Broadarrow 4Wd Track,1230,358292767,Broadarrow Track,track_grade4,TARGET,41.55309856080742
12106,Broadarrow 4Wd Track,1231,358292767,Broadarrow Track,track_grade4,TARGET,109.45832540286737
12106,Broadarrow 4Wd Track,1232,358292767,Broadarrow Track,track_grade4,TARGET,111.76063215633422
12106,Broadarrow 4Wd Track,1233,358292767,Broadarrow Track,track_grade4,TARGET,74.28979068489403
12106,Broadarrow 4Wd Track,1234,358292767,Broadarrow Track,track_grade4,TARGET,71.06439966673396
12106,Broadarrow 4Wd Track,1235,358292767,Broadarrow Track,track_grade4,TARGET,87.06400002298464
12106,Broadarrow 4Wd Track,1236,358292767,Broadarrow Track,track_grade4,TARGET,97.22336807576735
12106,Broadarrow 4Wd Track,1237,358292767,Broadarrow Track,track_grade4,TARGET,55.531600013068164
12106,Broadarrow 4Wd Track,1238,358292767,Broadarrow Track,track_grade4,TARGET,75.46222432449174
12106,Broadarrow 4Wd Track,1239,358292767,Broadarrow Track,track_grade4,TARGET,264.4431169457662
12106,Broadarrow 4Wd Track,1240,358292767,Broadarrow Track,track_grade4,TARGET,168.04102028972278
12106,Broadarrow 4Wd Track,1241,358292767,Broadarrow Track,track_grade4,TARGET,257.1171872901138
12106,Broadarrow 4Wd Track,1242,358292767,Broadarrow Track,track_grade4,TARGET,198.64768032877635
12106,Broadarrow 4Wd Track,1243,358292767,Broadarrow Track,track_grade4,TARGET,216.63431976488988
12106,Broadarrow 4Wd Track,1244,358292767,Broadarrow Track,track_grade4,TARGET,224.54694386693967
12106,Broadarrow 4Wd Track,1245,358292767,Broadarrow Track,track_grade4,TARGET,433.1754056961094
12106,Broadarrow 4Wd Track,1246,358292767,Broadarrow Track,track_grade4,TARGET,187.38479687540186
12106,Broadarrow 4Wd Track,1247,358292767,Broadarrow Track,track_grade4,TARGET,72.39475395357518
12106,Broadarrow 4Wd Track,1248,358292767,Broadarrow Track,track_grade4,TARGET,71.71619412661087
12106,Broadarrow 4Wd Track,1249,358292767,Broadarrow Track,track_grade4,TARGET,59.07460791238832
12106,Broadarrow 4Wd Track,1250,358292767,Broadarrow Track,track_grade4,TARGET,95.96940866749284
12106,Broadarrow 4Wd Track,1251,358292767,Broadarrow Track,track_grade4,TARGET,85.86000931753215
12106,Broadarrow 4Wd Track,1252,358292767,Broadarrow Track,track_grade4,TARGET,95.16284411466292
12106,Broadarrow 4Wd Track,1253,358292767,Broadarrow Track,track_grade4,TARGET,123.69394690116461
12106,Broadarrow 4Wd Track,1254,358292767,Broadarrow Track,track_grade4,TARGET,84.33205914724014
12106,Broadarrow 4Wd Track,1255,358292767,Broadarrow Track,track_grade4,TARGET,60.89222035688832
12106,Broadarrow 4Wd Track,1256,358292767,Broadarrow Track,track_grade4,TARGET,55.22222831434846
12106,Broadarrow 4Wd Track,1257,358292767,Broadarrow Track,track_grade4,TARGET,27.438345431237124
12106,Broadarrow 4Wd Track,1258,358292767,Broadarrow Track,track_grade4,TARGET,49.55932606480263
12106,Broadarrow 4Wd Track,1259,358292767,Broadarrow Track,track_grade4,TARGET,47.41410127792867
12106,Broadarrow 4Wd Track,1260,358292767,Broadarrow Track,track_grade4,TARGET,58.58717692469762
12106,Broadarrow 4Wd Track,1261,358292767,Broadarrow Track,track_grade4,TARGET,83.52959834681795
12106,Broadarrow 4Wd Track,1262,358292767,Broadarrow Track,track_grade4,TARGET,116.88776240498771
12106,Broadarrow 4Wd Track,1263,358292767,Broadarrow Track,track_grade4,TARGET,99.70963895218226
12106,Broadarrow 4Wd Track,1264,358292767,Broadarrow Track,track_grade4,TARGET,194.26903407388306
12106,Broadarrow 4Wd Track,1265,358292767,Broadarrow Track,track_grade4,TARGET,163.24417815037978
12106,Broadarrow 4Wd Track,1266,358292767,Broadarrow Track,track_grade4,TARGET,57.71184020633958
12106,Broadarrow 4Wd Track,1267,358292767,Broadarrow Track,track_grade4,TARGET,71.20398022578186
12106,Broadarrow 4Wd Track,1268,358292767,Broadarrow Track,track_grade4,TARGET,75.22861290767638
12106,Broadarrow 4Wd Track,1269,358292767,Broadarrow Track,track_grade4,TARGET,105.62205262157978
12106,Broadarrow 4Wd Track,1270,358292767,Broadarrow Track,track_grade4,TARGET,137.9663020451022
12106,Broadarrow 4Wd Track,1271,358292767,Broadarrow Track,track_grade4,TARGET,67.53465258668516
12106,Broadarrow 4Wd Track,1272,358292767,Broadarrow Track,track_grade4,TARGET,71.45994192536192
12106,Broadarrow 4Wd Track,1273,358292767,Broadarrow Track,track_grade4,TARGET,46.47258331553168
12106,Broadarrow 4Wd Track,1274,358292767,Broadarrow Track,track_grade4,TARGET,53.31845646676261
12106,Broadarrow 4Wd Track,1275,358292767,Broadarrow Track,track_grade4,TARGET,52.749909952431935
12106,Broadarrow 4Wd Track,1276,358292767,Broadarrow Track,track_grade4,TARGET,66.12991834277835
12106,Broadarrow 4Wd Track,1277,358292767,Broadarrow Track,track_grade4,TARGET,78.40157460139761
12106,Broadarrow 4Wd Track,1278,358292767,Broadarrow Track,track_grade4,TARGET,49.198985762004355
12106,Broadarrow 4Wd Track,1279,358292767,Broadarrow Track,track_grade4,TARGET,89.52008042893692
12106,Broadarrow 4Wd Track,1280,358292767,Broadarrow Track,track_grade4,TARGET,76.0460123870803
12106,Broadarrow 4Wd Track,1281,358292767,Broadarrow Track,track_grade4,TARGET,62.438404848403216
12106,Broadarrow 4Wd Track,1282,358292767,Broadarrow Track,track_grade4,TARGET,35.07958523119526
12106,Broadarrow 4Wd Track,1283,358292767,Broadarrow Track,track_grade4,TARGET,43.43412137955778
12106,Broadarrow 4Wd Track,1284,358292767,Broadarrow Track,track_grade4,TARGET,41.620664338622944
12106,Broadarrow 4Wd Track,1285,358292767,Broadarrow Track,track_grade4,TARGET,29.56694438065092
12106,Broadarrow 4Wd Track,1286,358292767,Broadarrow Track,track_grade4,TARGET,30.45537719347748
12106,Broadarrow 4Wd Track,1287,358292767,Broadarrow Track,track_grade4,TARGET,38.78006188753677
12106,Broadarrow 4Wd Track,1288,358292767,Broadarrow Track,track_grade4,TARGET,64.94234442951212
12106,Broadarrow 4Wd Track,1289,358292767,Broadarrow Track,track_grade4,TARGET,71.05884885080337
12106,Broadarrow 4Wd Track,1290,358292767,Broadarrow Track,track_grade4,TARGET,98.45040375742535
12106,Broadarrow 4Wd Track,1291,358292767,Broadarrow Track,track_grade4,TARGET,54.4981192336129
12106,Broadarrow 4Wd Track,1292,358292767,Broadarrow Track,track_grade4,TARGET,52.738025181091075
12106,Broadarrow 4Wd Track,1293,358292767,Broadarrow Track,track_grade4,TARGET,122.27176370689774
12106,Broadarrow 4Wd Track,1294,358292767,Broadarrow Track,track_grade4,TARGET,112.153823385572
12106,Broadarrow 4Wd Track,1295,358292767,Broadarrow Track,track_grade4,TARGET,56.54296861671226
12106,Broadarrow 4Wd Track,1296,358292767,Broadarrow Track,track_grade4,TARGET,77.17673030132202
12106,Broadarrow 4Wd Track,1297,358292767,Broadarrow Track,track_grade4,TARGET,77.76411125964026
12106,Broadarrow 4Wd Track,1298,358292767,Broadarrow Track,track_grade4,TARGET,39.54343561196733
12106,Broadarrow 4Wd Track,1299,358292767,Broadarrow Track,track_grade4,TARGET,63.00419827283197
12106,Broadarrow 4Wd Track,1300,358292767,Broadarrow Track,track_grade4,TARGET,92.76787590542864
12106,Broadarrow 4Wd Track,1301,358292767,Broadarrow Track,track_grade4,TARGET,34.41019761645919
12106,Broadarrow 4Wd Track,1302,358292767,Broadarrow Track,track_grade4,TARGET,76.26079595702441
12106,Broadarrow 4Wd Track,1303,358292767,Broadarrow Track,track_grade4,TARGET,93.40338858949094
12106,Broadarrow 4Wd Track,1304,358292767,Broadarrow Track,track_grade4,TARGET,86.09743782483693
12106,Broadarrow 4Wd Track,1305,358292767,Broadarrow Track,track_grade4,TARGET,71.27069313531955
12106,Broadarrow 4Wd Track,1306,358292767,Broadarrow Track,track_grade4,TARGET,103.98373141996697
12106,Broadarrow 4Wd Track,1307,358292767,Broadarrow Track,track_grade4,TARGET,72.1362072748765
12106,Broadarrow 4Wd Track,1308,358292767,Broadarrow Track,track_grade4,TARGET,115.35078369905803
12106,Broadarrow 4Wd Track,1309,358292767,Broadarrow Track,track_grade4,TARGET,27.66480074021543
12106,Broadarrow 4Wd Track,1310,358292767,Broadarrow Track,track_grade4,TARGET,88.01792999158317
12106,Broadarrow 4Wd Track,1311,358292767,Broadarrow Track,track_grade4,TARGET,45.697388327996336
12106,Broadarrow 4Wd Track,1312,358292767,Broadarrow Track,track_grade4,TARGET,63.863990636324964
12106,Broadarrow 4Wd Track,1313,358292767,Broadarrow Track,track_grade4,TARGET,66.94313108897788
12106,Broadarrow 4Wd Track,1314,358292767,Broadarrow Track,track_grade4,TARGET,51.42940501299246
12106,Broadarrow 4Wd Track,1315,358292767,Broadarrow Track,track_grade4,TARGET,62.34019329459103
12106,Broadarrow 4Wd Track,1316,358292767,Broadarrow Track,track_grade4,TARGET,38.23092596328751
12106,Broadarrow 4Wd Track,1317,358292767,Broadarrow Track,track_grade4,TARGET,63.2950716880801
12106,Broadarrow 4Wd Track,1318,358292767,Broadarrow Track,track_grade4,TARGET,63.2729302308888
12106,Broadarrow 4Wd Track,1319,358292767,Broadarrow Track,track_grade4,TARGET,64.24738749548752
12106,Broadarrow 4Wd Track,1320,358292767,Broadarrow Track,track_grade4,TARGET,94.48000846742103
12106,Broadarrow 4Wd Track,1321,358292767,Broadarrow Track,track_grade4,TARGET,67.60665647701141
12106,Broadarrow 4Wd Track,1322,358292767,Broadarrow Track,track_grade4,TARGET,74.33302899794725
12106,Broadarrow 4Wd Track,1323,358292767,Broadarrow Track,track_grade4,TARGET,42.814308355939495
12106,Broadarrow 4Wd Track,1324,358292767,Broadarrow Track,track_grade4,TARGET,111.29595230737439
12106,Broadarrow 4Wd Track,1325,358292767,Broadarrow Track,track_grade4,TARGET,116.84407772753364
12106,Broadarrow 4Wd Track,1326,358292767,Broadarrow Track,track_grade4,TARGET,126.16014663910707
12106,Broadarrow 4Wd Track,1327,358292767,Broadarrow Track,track_grade4,TARGET,173.25078297074916
12106,Broadarrow 4Wd Track,1328,358292767,Broadarrow Track,track_grade4,TARGET,83.17195260426784
12106,Broadarrow 4Wd Track,1329,358292767,Broadarrow Track,track_grade4,TARGET,49.03608467240117
12106,Broadarrow 4Wd Track,1330,358292767,Broadarrow Track,track_grade4,TARGET,18.377954184305583
12106,Broadarrow 4Wd Track,1331,358292767,Broadarrow Track,track_grade4,TARGET,55.2362362945953
12106,Broadarrow 4Wd Track,1332,358292767,Broadarrow Track,track_grade4,TARGET,104.88242941502436
12106,Broadarrow 4Wd Track,1333,358292767,Broadarrow Track,track_grade4,TARGET,85.72674961778931
12106,Broadarrow 4Wd Track,1334,358292767,Broadarrow Track,track_grade4,TARGET,107.0432968474391
12106,Broadarrow 4Wd Track,1335,358292767,Broadarrow Track,track_grade4,TARGET,128.56320041138727
12106,Broadarrow 4Wd Track,1336,358292767,Broadarrow Track,track_grade4,TARGET,95.6867247846026
12106,Broadarrow 4Wd Track,1337,358292767,Broadarrow Track,track_grade4,TARGET,87.83403554419093
12106,Broadarrow 4Wd Track,1338,358292767,Broadarrow Track,track_grade4,TARGET,120.11540325882737
12106,Broadarrow 4Wd Track,1339,358292767,Broadarrow Track,track_grade4,TARGET,90.39970851729252
12106,Broadarrow 4Wd Track,1340,358292767,Broadarrow Track,track_grade4,TARGET,108.66691538818215
12106,Broadarrow 4Wd Track,1341,358292767,Broadarrow Track,track_grade4,TARGET,126.72297542275848
12106,Broadarrow 4Wd Track,1342,358292767,Broadarrow Track,track_grade4,TARGET,114.19614222902132
12106,Broadarrow 4Wd Track,1343,358292767,Broadarrow Track,track_grade4,TARGET,156.36740485159683
12106,Broadarrow 4Wd Track,1344,358292767,Broadarrow Track,track_grade4,TARGET,93.51280607489251
12106,Broadarrow 4Wd Track,1345,358292767,Broadarrow Track,track_grade4,TARGET,117.49124265226041
12106,Broadarrow 4Wd Track,1346,358292767,Broadarrow Track,track_grade4,TARGET,133.41942062544513
12106,Broadarrow 4Wd Track,1347,358292767,Broadarrow Track,track_grade4,TARGET,138.55802863787878
12106,Broadarrow 4Wd Track,1348,358292767,Broadarrow Track,track_grade4,TARGET,27.806366177435063
12106,Broadarrow 4Wd Track,1349,358292767,Broadarrow Track,track_grade4,TARGET,25.862235015572036
12106,Broadarrow 4Wd Track,1350,358292767,Broadarrow Track,track_grade4,TARGET,154.35386940399476
12106,Broadarrow 4Wd Track,1351,358292767,Broadarrow Track,track_grade4,TARGET,115.25797933339028
12106,Broadarrow 4Wd Track,1352,358292767,Broadarrow Track,track_grade4,TARGET,79.2174538848625
12106,Broadarrow 4Wd Track,1353,358292767,Broadarrow Track,track_grade4,TARGET,103.31637237135973
12106,Broadarrow 4Wd Track,1354,358292767,Broadarrow Track,track_grade4,TARGET,68.13968153718197
12106,Broadarrow 4Wd Track,1355,358292767,Broadarrow Track,track_grade4,TARGET,73.48506923196926
12106,Broadarrow 4Wd Track,1356,358292767,Broadarrow Track,track_grade4,TARGET,48.92047628540791
12106,Broadarrow 4Wd Track,1357,358292767,Broadarrow Track,track_grade4,TARGET,105.93911128570159
12106,Broadarrow 4Wd Track,1358,358292767,Broadarrow Track,track_grade4,TARGET,113.24718627849937
12106,Broadarrow 4Wd Track,1359,358292767,Broadarrow Track,track_grade4,TARGET,88.64561184865848
12106,Broadarrow 4Wd Track,1360,358292767,Broadarrow Track,track_grade4,TARGET,41.134024845555174
12106,Broadarrow 4Wd Track,1361,358292767,Broadarrow Track,track_grade4,TARGET,70.25593355728407
12106,Broadarrow 4Wd Track,1362,358292767,Broadarrow Track,track_grade4,TARGET,91.64391578260643
12106,Broadarrow 4Wd Track,1363,358292767,Broadarrow Track,track_grade4,TARGET,107.68660548096884
12106,Broadarrow 4Wd Track,1364,358292767,Broadarrow Track,track_grade4,TARGET,131.07874923121258
12106,Broadarrow 4Wd Track,1365,358292767,Broadarrow Track,track_grade4,TARGET,117.07796590297372
12106,Broadarrow 4Wd Track,1366,358292767,Broadarrow Track,track_grade4,TARGET,154.44236724419824
12106,Broadarrow 4Wd Track,1367,358292767,Broadarrow Track,track_grade4,TARGET,51.65300862490776
12106,Broadarrow 4Wd Track,1368,358292767,Broadarrow Track,track_grade4,TARGET,105.49753030281722
12106,Broadarrow 4Wd Track,1369,358292767,Broadarrow Track,track_grade4,TARGET,134.62943103196093
12106,Broadarrow 4Wd Track,1370,358292767,Broadarrow Track,track_grade4,TARGET,190.80022222211971
12106,Broadarrow 4Wd Track,1371,358292767,Broadarrow Track,track_grade4,TARGET,77.40438488872717
12106,Broadarrow 4Wd Track,1372,358292767,Broadarrow Track,track_grade4,TARGET,71.98554924430879
12106,Broadarrow 4Wd Track,1373,358292767,Broadarrow Track,track_grade4,TARGET,180.74833332559325
12106,Broadarrow 4Wd Track,1374,358292767,Broadarrow Track,track_grade4,TARGET,101.87578564115763
12106,Broadarrow 4Wd Track,1375,358292767,Broadarrow Track,track_grade4,TARGET,53.94155819039739
12106,Broadarrow 4Wd Track,1376,358292767,Broadarrow Track,track_grade4,TARGET,172.9553309382581
12106,Broadarrow 4Wd Track,1377,358292767,Broadarrow Track,track_grade4,TARGET,80.0367178237069
12106,Broadarrow 4Wd Track,1378,358292767,Broadarrow Track,track_grade4,TARGET,140.73305404215296
12106,Broadarrow 4Wd Track,1379,358292767,Broadarrow Track,track_grade4,TARGET,160.85104724550231
12106,Broadarrow 4Wd Track,1380,358292767,Broadarrow Track,track_grade4,TARGET,217.75019931109037
12106,Broadarrow 4Wd Track,1381,358292767,Broadarrow Track,track_grade4,TARGET,77.70190280806348
12106,Broadarrow 4Wd Track,1382,358292767,Broadarrow Track,track_grade4,TARGET,186.69967862862467
12106,Broadarrow 4Wd Track,1383,358292767,Broadarrow Track,track_grade4,TARGET,99.95770405533746
12106,Broadarrow 4Wd Track,1384,358292767,Broadarrow Track,track_grade4,TARGET,235.9077722331079
12106,Broadarrow 4Wd Track,1385,358292767,Broadarrow Track,track_grade4,TARGET,220.58355514403002
12106,Broadarrow 4Wd Track,1386,358292767,Broadarrow Track,track_grade4,TARGET,207.6354907043367
12106,Broadarrow 4Wd Track,1387,358292767,Broadarrow Track,track_grade4,TARGET,71.05913734335755
12106,Broadarrow 4Wd Track,1388,358292767,Broadarrow Track,track_grade4,TARGET,128.08647859945665
12106,Broadarrow 4Wd Track,1389,358292767,Broadarrow Track,track_grade4,TARGET,281.18394779932225
12106,Broadarrow 4Wd Track,1390,358292767,Broadarrow Track,track_grade4,TARGET,295.35800784804974
12106,Broadarrow 4Wd Track,1391,358292767,Broadarrow Track,track_grade4,TARGET,126.6046207688134
12106,Broadarrow 4Wd Track,1392,358292767,Broadarrow Track,track_grade4,TARGET,144.6574246280112
12106,Broadarrow 4Wd Track,1393,358292767,Broadarrow Track,track_grade4,TARGET,404.97746023689933
12106,Broadarrow 4Wd Track,1394,358292767,Broadarrow Track,track_grade4,TARGET,162.9676790041857
12106,Broadarrow 4Wd Track,1395,358292767,Broadarrow Track,track_grade4,TARGET,47.75804120775462
12106,Broadarrow 4Wd Track,1396,358292767,Broadarrow Track,track_grade4,TARGET,92.18893859893362
12106,Broadarrow 4Wd Track,1397,358292767,Broadarrow Track,track_grade4,TARGET,212.87337315885696
12106,Broadarrow 4Wd Track,1398,358292767,Broadarrow Track,track_grade4,TARGET,232.17071929941122
12106,Broadarrow 4Wd Track,1399,358292767,Broadarrow Track,track_grade4,TARGET,107.57150226700723
12106,Broadarrow 4Wd Track,1400,358292767,Broadarrow Track,track_grade4,TARGET,74.70489274468756
12106,Broadarrow 4Wd Track,1401,358292767,Broadarrow Track,track_grade4,TARGET,107.45665637824067
12106,Broadarrow 4Wd Track,1402,358292767,Broadarrow Track,track_grade4,TARGET,97.94977488486349
12106,Broadarrow 4Wd Track,1403,358292767,Broadarrow Track,track_grade4,TARGET,91.11046701683641
12106,Broadarrow 4Wd Track,1404,358292767,Broadarrow Track,track_grade4,TARGET,35.43724170967269
12106,Broadarrow 4Wd Track,1405,358292767,Broadarrow Track,track_grade4,TARGET,65.57541078791404
12106,Broadarrow 4Wd Track,1406,358292767,Broadarrow Track,track_grade4,TARGET,40.35989221985049
12106,Broadarrow 4Wd Track,1407,358292767,Broadarrow Track,track_grade4,TARGET,74.22857266581121
12106,Broadarrow 4Wd Track,1408,358292767,Broadarrow Track,track_grade4,TARGET,84.11408027197648
12106,Broadarrow 4Wd Track,1409,358292767,Broadarrow Track,track_grade4,TARGET,50.80209936602781
12106,Broadarrow 4Wd Track,1410,358292767,Broadarrow Track,track_grade4,TARGET,76.5902637415564
12106,Broadarrow 4Wd Track,1411,358292767,Broadarrow Track,track_grade4,TARGET,48.52015251418811
12106,Broadarrow 4Wd Track,1412,358292767,Broadarrow Track,track_grade4,TARGET,64.27769286472966
12106,Broadarrow 4Wd Track,1413,358292767,Broadarrow Track,track_grade4,TARGET,33.56245074484205
12106,Broadarrow 4Wd Track,1414,358292767,Broadarrow Track,track_grade4,TARGET,67.46635902428322
12106,Broadarrow 4Wd Track,1415,358292767,Broadarrow Track,track_grade4,TARGET,87.853865595172
12106,Broadarrow 4Wd Track,1416,358292767,Broadarrow Track,track_grade4,TARGET,58.57749141088272
12106,Broadarrow 4Wd Track,1417,358292767,Broadarrow Track,track_grade4,TARGET,99.07122488382852
12106,Broadarrow 4Wd Track,1418,358292767,Broadarrow Track,track_grade4,TARGET,72.1073227904135
12106,Broadarrow 4Wd Track,1419,358292767,Broadarrow Track,track_grade4,TARGET,50.404171454405
12106,Broadarrow 4Wd Track,1420,358292767,Broadarrow Track,track_grade4,TARGET,83.79308145658948
12106,Broadarrow 4Wd Track,1421,358292767,Broadarrow Track,track_grade4,TARGET,64.35416769724105
12106,Broadarrow 4Wd Track,1422,358292767,Broadarrow Track,track_grade4,TARGET,48.18311737531726
12106,Broadarrow 4Wd Track,1423,358292767,Broadarrow Track,track_grade4,TARGET,59.58589430395592
12106,Broadarrow 4Wd Track,1424,358292767,Broadarrow Track,track_grade4,TARGET,45.611016213210185
12106,Broadarrow 4Wd Track,1425,358292767,Broadarrow Track,track_grade4,TARGET,79.0585409679784
12106,Broadarrow 4Wd Track,1426,358292767,Broadarrow Track,track_grade4,TARGET,42.74239347534737
12106,Broadarrow 4Wd Track,1427,358292767,Broadarrow Track,track_grade4,TARGET,51.0805060664228
12106,Broadarrow 4Wd Track,1428,358292767,Broadarrow Track,track_grade4,TARGET,72.59104421348108
12106,Broadarrow 4Wd Track,1429,358292767,Broadarrow Track,track_grade4,TARGET,100.97898791320746
12106,Broadarrow 4Wd Track,1430,358292767,Broadarrow Track,track_grade4,TARGET,114.31349351670241
12106,Broadarrow 4Wd Track,1431,358292767,Broadarrow Track,track_grade4,TARGET,91.59470563303209
12106,Broadarrow 4Wd Track,1432,358292767,Broadarrow Track,track_grade4,TARGET,94.74707911064064
12106,Broadarrow 4Wd Track,1433,358292767,Broadarrow Track,track_grade4,TARGET,56.341828156459044
12106,Broadarrow 4Wd Track,1434,358292767,Broadarrow Track,track_grade4,TARGET,90.92133962936884
12106,Broadarrow 4Wd Track,1435,358292767,Broadarrow Track,track_grade4,TARGET,62.07346373448512
12106,Broadarrow 4Wd Track,1436,358292767,Broadarrow Track,track_grade4,TARGET,52.637615827335196
12106,Broadarrow 4Wd Track,1437,358292767,Broadarrow Track,track_grade4,TARGET,48.129678993425934
12106,Broadarrow 4Wd Track,1438,358292767,Broadarrow Track,track_grade4,TARGET,40.60191744239896
12106,Broadarrow 4Wd Track,1439,358292767,Broadarrow Track,track_grade4,TARGET,32.958545174256344
12106,Broadarrow 4Wd Track,1440,358292767,Broadarrow Track,track_grade4,TARGET,27.49127134189269
12106,Broadarrow 4Wd Track,1441,358292767,Broadarrow Track,track_grade4,TARGET,66.0767992567155
12106,Broadarrow 4Wd Track,1442,358292767,Broadarrow Track,track_grade4,TARGET,51.131479540423264
12106,Broadarrow 4Wd Track,1443,358292767,Broadarrow Track,track_grade4,TARGET,107.56415481009734
12106,Broadarrow 4Wd Track,1444,358292767,Broadarrow Track,track_grade4,TARGET,53.83798658929368
12106,Broadarrow 4Wd Track,1445,358292767,Broadarrow Track,track_grade4,TARGET,80.18594016420721
12106,Broadarrow 4Wd Track,1446,358292767,Broadarrow Track,track_grade4,TARGET,57.22994757981544
12106,Broadarrow 4Wd Track,1447,358292767,Broadarrow Track,track_grade4,TARGET,98.24264654414695
12106,Broadarrow 4Wd Track,1448,358292767,Broadarrow Track,track_grade4,TARGET,167.45455323764932
12106,Broadarrow 4Wd Track,1449,358292767,Broadarrow Track,track_grade4,TARGET,58.957833236927584
12106,Broadarrow 4Wd Track,1450,358292767,Broadarrow Track,track_grade4,TARGET,98.17344854904752
12106,Broadarrow 4Wd Track,1451,358292767,Broadarrow Track,track_grade4,TARGET,176.51480901043422
12106,Broadarrow 4Wd Track,1452,358292767,Broadarrow Track,track_grade4,TARGET,205.13051455116604
12106,Broadarrow 4Wd Track,1453,358292767,Broadarrow Track,track_grade4,TARGET,86.46215935314463
12106,Broadarrow 4Wd Track,1454,358292767,Broadarrow Track,track_grade4,TARGET,121.8492531777901
12106,Broadarrow 4Wd Track,1455,358292767,Broadarrow Track,track_grade4,TARGET,148.97076021824515
12106,Broadarrow 4Wd Track,1456,358292767,Broadarrow Track,track_grade4,TARGET,154.53068465529975
12106,Broadarrow 4Wd Track,1457,358292767,Broadarrow Track,track_grade4,TARGET,94.13768055353457
12106,Broadarrow 4Wd Track,1458,358292767,Broadarrow Track,track_grade4,TARGET,46.944275476296355
12106,Broadarrow 4Wd Track,1459,358292767,Broadarrow Track,track_grade4,TARGET,119.97823302575996
12106,Broadarrow 4Wd Track,1460,358292767,Broadarrow Track,track_grade4,TARGET,77.60000000006913
12106,Broadarrow 4Wd Track,1461,358292767,Broadarrow Track,track_grade4,TARGET,105.71938800437522
12106,Broadarrow 4Wd Track,1462,358292767,Broadarrow Track,track_grade4,TARGET,132.27951390879767
12106,Broadarrow 4Wd Track,1463,358292767,Broadarrow Track,track_grade4,TARGET,73.19093181552478
12106,Broadarrow 4Wd Track,1464,358292767,Broadarrow Track,track_grade4,TARGET,61.05270673765936
12106,Broadarrow 4Wd Track,1465,358292767,Broadarrow Track,track_grade4,TARGET,63.16933749846827
12106,Broadarrow 4Wd Track,1466,358292767,Broadarrow Track,track_grade4,TARGET,87.30156069622228
12106,Broadarrow 4Wd Track,1467,358292767,Broadarrow Track,track_grade4,TARGET,33.316760046606234
12106,Broadarrow 4Wd Track,1468,358292767,Broadarrow Track,track_grade4,TARGET,62.45799308338012
12106,Broadarrow 4Wd Track,1469,358292767,Broadarrow Track,track_grade4,TARGET,49.29536387938457
12106,Broadarrow 4Wd Track,1470,358292767,Broadarrow Track,track_grade4,TARGET,55.495239435438585
12106,Broadarrow 4Wd Track,1471,358292767,Broadarrow Track,track_grade4,TARGET,54.2298451038904
12106,Broadarrow 4Wd Track,1472,358292767,Broadarrow Track,track_grade4,TARGET,149.3556108756432
12106,Broadarrow 4Wd Track,1473,358292767,Broadarrow Track,track_grade4,TARGET,57.704325661061894
12106,Broadarrow 4Wd Track,1474,358292767,Broadarrow Track,track_grade4,TARGET,136.01071906284696
12106,Broadarrow 4Wd Track,1475,358292767,Broadarrow Track,track_grade4,TARGET,159.86670353771132
12106,Broadarrow 4Wd Track,1476,358292767,Broadarrow Track,track_grade4,TARGET,65.58327911901392
12106,Broadarrow 4Wd Track,1477,358292767,Broadarrow Track,track_grade4,TARGET,97.43686006844182
12106,Broadarrow 4Wd Track,1478,358292767,Broadarrow Track,track_grade4,TARGET,89.5176680884659
12106,Broadarrow 4Wd Track,1479,358292767,Broadarrow Track,track_grade4,TARGET,53.99196699513048
12106,Broadarrow 4Wd Track,1480,358292767,Broadarrow Track,track_grade4,TARGET,29.235664863345686
12106,Broadarrow 4Wd Track,1481,358292767,Broadarrow Track,track_grade4,TARGET,41.004249779841224
12106,Broadarrow 4Wd Track,1482,358292767,Broadarrow Track,track_grade4,TARGET,57.183595549683126
12106,Broadarrow 4Wd Track,1483,358292767,Broadarrow Track,track_grade4,TARGET,77.19077988984995
12106,Broadarrow 4Wd Track,1484,358292767,Broadarrow Track,track_grade4,TARGET,68.51785825608181
12106,Broadarrow 4Wd Track,1485,358292767,Broadarrow Track,track_grade4,TARGET,55.236084220385585
12106,Broadarrow 4Wd Track,1486,358292767,Broadarrow Track,track_grade4,TARGET,131.47955468434708
12106,Broadarrow 4Wd Track,1487,358292767,Broadarrow Track,track_grade4,TARGET,52.540188427458986
12106,Broadarrow 4Wd Track,1488,358292767,Broadarrow Track,track_grade4,TARGET,37.702881852735466
12106,Broadarrow 4Wd Track,1489,358292767,Broadarrow Track,track_grade4,TARGET,81.85926031918291
12106,Broadarrow 4Wd Track,1490,358292767,Broadarrow Track,track_grade4,TARGET,127.12236191949555
12106,Broadarrow 4Wd Track,1491,358292767,Broadarrow Track,track_grade4,TARGET,133.2050693479607
12106,Broadarrow 4Wd Track,1492,358292767,Broadarrow Track,track_grade4,TARGET,84.19447606576945
12106,Broadarrow 4Wd Track,1493,358292767,Broadarrow Track,track_grade4,TARGET,38.543492317092806
12106,Broadarrow 4Wd Track,1494,358292767,Broadarrow Track,track_grade4,TARGET,31.723659940178617
12106,Broadarrow 4Wd Track,1495,358292767,Broadarrow Track,track_grade4,TARGET,47.45277441853011
12106,Broadarrow 4Wd Track,1496,358292767,Broadarrow Track,track_grade4,TARGET,55.6334045335238
12106,Broadarrow 4Wd Track,1497,358292767,Broadarrow Track,track_grade4,TARGET,34.72505867520047
12106,Broadarrow 4Wd Track,1498,358292767,Broadarrow Track,track_grade4,TARGET,45.28936409362038
12106,Broadarrow 4Wd Track,1499,358292767,Broadarrow Track,track_grade4,TARGET,46.273210392168096
12106,Broadarrow 4Wd Track,1500,358292767,Broadarrow Track,track_grade4,TARGET,39.4421728610599
12106,Broadarrow 4Wd Track,1501,358292767,Broadarrow Track,track_grade4,TARGET,48.715029508318956
12106,Broadarrow 4Wd Track,1502,358292767,Broadarrow Track,track_grade4,TARGET,45.32264886351966
12106,Broadarrow 4Wd Track,1503,358292767,Broadarrow Track,track_grade4,TARGET,80.91542745347516
12106,Broadarrow 4Wd Track,1504,358292767,Broadarrow Track,track_grade4,TARGET,119.22116590609396
12106,Broadarrow 4Wd Track,1505,358292767,Broadarrow Track,track_grade4,TARGET,111.28895183270855
12106,Broadarrow 4Wd Track,1506,358292767,Broadarrow Track,track_grade4,TARGET,75.87522981837218
12106,Broadarrow 4Wd Track,1507,358292767,Broadarrow Track,track_grade4,TARGET,126.62738447904705
12106,Broadarrow 4Wd Track,1508,358292767,Broadarrow Track,track_grade4,TARGET,67.64984109360965
12106,Broadarrow 4Wd Track,1509,358292767,Broadarrow Track,track_grade4,TARGET,58.00188272801183
12106,Broadarrow 4Wd Track,1510,358292767,Broadarrow Track,track_grade4,TARGET,88.79549988604487
12106,Broadarrow 4Wd Track,1511,358292767,Broadarrow Track,track_grade4,TARGET,39.420128107341554
12106,Broadarrow 4Wd Track,1512,358292767,Broadarrow Track,track_grade4,TARGET,50.77551575315226
12106,Broadarrow 4Wd Track,1513,358292767,Broadarrow Track,track_grade4,TARGET,41.24955514920839
12106,Broadarrow 4Wd Track,1514,358292767,Broadarrow Track,track_grade4,TARGET,146.00389720822193
12106,Broadarrow 4Wd Track,1515,358292767,Broadarrow Track,track_grade4,TARGET,109.27525474687155
12106,Broadarrow 4Wd Track,1516,358292767,Broadarrow Track,track_grade4,TARGET,138.0967957630003
12106,Broadarrow 4Wd Track,1517,358292767,Broadarrow Track,track_grade4,TARGET,61.88093405891799
12106,Broadarrow 4Wd Track,1518,358292767,Broadarrow Track,track_grade4,TARGET,99.26598309582195
12106,Broadarrow 4Wd Track,1519,358292767,Broadarrow Track,track_grade4,TARGET,108.35208212134407
12106,Broadarrow 4Wd Track,1520,358292767,Broadarrow Track,track_grade4,TARGET,51.69646989878728
12106,Broadarrow 4Wd Track,1521,358292767,Broadarrow Track,track_grade4,TARGET,33.02229852694192
12106,Broadarrow 4Wd Track,1522,358292767,Broadarrow Track,track_grade4,TARGET,84.84538643900201
12106,Broadarrow 4Wd Track,1523,358292767,Broadarrow Track,track_grade4,TARGET,97.26612822563703
12106,Broadarrow 4Wd Track,1524,358292767,Broadarrow Track,track_grade4,TARGET,54.57061480322078
12106,Broadarrow 4Wd Track,1525,358292767,Broadarrow Track,track_grade4,TARGET,82.71013541280772
12106,Broadarrow 4Wd Track,1526,358292767,Broadarrow Track,track_grade4,TARGET,99.41785805381242
12106,Broadarrow 4Wd Track,1527,358292767,Broadarrow Track,track_grade4,TARGET,108.454772601219
12106,Broadarrow 4Wd Track,1528,358292767,Broadarrow Track,track_grade4,TARGET,47.130745803578094
12106,Broadarrow 4Wd Track,1529,358292767,Broadarrow Track,track_grade4,TARGET,64.2961351871093
12106,Broadarrow 4Wd Track,1530,358292767,Broadarrow Track,track_grade4,TARGET,45.840070898691096
12106,Broadarrow 4Wd Track,1531,358292767,Broadarrow Track,track_grade4,TARGET,51.275433689050296
12106,Broadarrow 4Wd Track,1532,358292767,Broadarrow Track,track_grade4,TARGET,34.07670465274135
12106,Broadarrow 4Wd Track,1533,358292767,Broadarrow Track,track_grade4,TARGET,42.355742231725884
12106,Broadarrow 4Wd Track,1534,358292767,Broadarrow Track,track_grade4,TARGET,57.309036809208656
12106,Broadarrow 4Wd Track,1535,358292767,Broadarrow Track,track_grade4,TARGET,52.43742938031324
12106,Broadarrow 4Wd Track,1536,358292767,Broadarrow Track,track_grade4,TARGET,93.51717703171207
12106,Broadarrow 4Wd Track,1537,358292767,Broadarrow Track,track_grade4,TARGET,78.33234963925676
12106,Broadarrow 4Wd Track,1538,358292767,Broadarrow Track,track_grade4,TARGET,133.42723335214632
12106,Broadarrow 4Wd Track,1539,358292767,Broadarrow Track,track_grade4,TARGET,142.54062052627572
12106,Broadarrow 4Wd Track,1540,358292767,Broadarrow Track,track_grade4,TARGET,49.5690074541085
12106,Broadarrow 4Wd Track,1541,358292767,Broadarrow Track,track_grade4,TARGET,127.70497132068726
12106,Broadarrow 4Wd Track,1542,358292767,Broadarrow Track,track_grade4,TARGET,137.94996846676662
12106,Broadarrow 4Wd Track,1543,358292767,Broadarrow Track,track_grade4,TARGET,136.4342317748855
12106,Broadarrow 4Wd Track,1544,358292767,Broadarrow Track,track_grade4,TARGET,101.48993891035009
12106,Broadarrow 4Wd Track,1545,358292767,Broadarrow Track,track_grade4,TARGET,73.07627590391475
12106,Broadarrow 4Wd Track,1546,358292767,Broadarrow Track,track_grade4,TARGET,70.96650829798992
12106,Broadarrow 4Wd Track,1547,358292767,Broadarrow Track,track_grade4,TARGET,64.7596942549827
12106,Broadarrow 4Wd Track,1548,358292767,Broadarrow Track,track_grade4,TARGET,46.11178157471864
12106,Broadarrow 4Wd Track,1549,358292767,Broadarrow Track,track_grade4,TARGET,56.22034596125725
12106,Broadarrow 4Wd Track,1550,358292767,Broadarrow Track,track_grade4,TARGET,55.056125908033394
12106,Broadarrow 4Wd Track,1551,358292767,Broadarrow Track,track_grade4,TARGET,129.68493243241468
12106,Broadarrow 4Wd Track,1552,358292767,Broadarrow Track,track_grade4,TARGET,187.50230131920398
12106,Broadarrow 4Wd Track,1553,358292767,Broadarrow Track,track_grade4,TARGET,65.39312272709383
12106,Broadarrow 4Wd Track,1554,358292767,Broadarrow Track,track_grade4,TARGET,88.55283902846443
12106,Broadarrow 4Wd Track,1555,358292767,Broadarrow Track,track_grade4,TARGET,92.15377637404521
12106,Broadarrow 4Wd Track,1556,358292767,Broadarrow Track,track_grade4,TARGET,55.77798849009211
12106,Broadarrow 4Wd Track,1557,358292767,Broadarrow Track,track_grade4,TARGET,70.75770629408069
12106,Broadarrow 4Wd Track,1558,358292767,Broadarrow Track,track_grade4,TARGET,68.80555282823451
12106,Broadarrow 4Wd Track,1559,358292767,Broadarrow Track,track_grade4,TARGET,90.68887748780644
12106,Broadarrow 4Wd Track,1560,358292767,Broadarrow Track,track_grade4,TARGET,81.5401723078978
12106,Broadarrow 4Wd Track,1561,358292767,Broadarrow Track,track_grade4,TARGET,72.96657111304525
12106,Broadarrow 4Wd Track,1562,358292767,Broadarrow Track,track_grade4,TARGET,61.79752745862458
12106,Broadarrow 4Wd Track,1563,358292767,Broadarrow Track,track_grade4,TARGET,71.44434057360776
12106,Broadarrow 4Wd Track,1564,358292767,Broadarrow Track,track_grade4,TARGET,19.44006430030763
12106,Broadarrow 4Wd Track,1565,358292767,Broadarrow Track,track_grade4,TARGET,31.719434105932976
12106,Broadarrow 4Wd Track,1566,358292767,Broadarrow Track,track_grade4,TARGET,55.6313940146419
12106,Broadarrow 4Wd Track,1567,358292767,Broadarrow Track,track_grade4,TARGET,57.57447090505266
12106,Broadarrow 4Wd Track,1568,358292767,Broadarrow Track,track_grade4,TARGET,53.74802135892482
12106,Broadarrow 4Wd Track,1569,358292767,Broadarrow Track,track_grade4,TARGET,35.543659068792
12106,Broadarrow 4Wd Track,1570,358292767,Broadarrow Track,track_grade4,TARGET,71.98416561996659
12106,Broadarrow 4Wd Track,1571,358292767,Broadarrow Track,track_grade4,TARGET,64.7477227398677
12106,Broadarrow 4Wd Track,1572,358292767,Broadarrow Track,track_grade4,TARGET,78.6802065325482
12106,Broadarrow 4Wd Track,1573,358292767,Broadarrow Track,track_grade4,TARGET,70.43216665697534
12106,Broadarrow 4Wd Track,1574,358292767,Broadarrow Track,track_grade4,TARGET,59.598034363604086
12106,Broadarrow 4Wd Track,1575,358292767,Broadarrow Track,track_grade4,TARGET,86.81875891764632
12106,Broadarrow 4Wd Track,1576,358292767,Broadarrow Track,track_grade4,TARGET,37.78783005149367
12106,Broadarrow 4Wd Track,1577,358292767,Broadarrow Track,track_grade4,TARGET,68.45593692290127
12106,Broadarrow 4Wd Track,1578,358292767,Broadarrow Track,track_grade4,TARGET,79.92417469081965
12106,Broadarrow 4Wd Track,1579,358292767,Broadarrow Track,track_grade4,TARGET,42.14524646978394
12106,Broadarrow 4Wd Track,1580,358292767,Broadarrow Track,track_grade4,TARGET,49.285105255072395
12106,Broadarrow 4Wd Track,1581,358292767,Broadarrow Track,track_grade4,TARGET,94.11151045428589
12106,Broadarrow 4Wd Track,1582,358292767,Broadarrow Track,track_grade4,TARGET,115.42918261865091
12106,Broadarrow 4Wd Track,1583,358292767,Broadarrow Track,track_grade4,TARGET,116.18151746301868
12106,Broadarrow 4Wd Track,1584,358292767,Broadarrow Track,track_grade4,TARGET,160.11047498521313
12106,Broadarrow 4Wd Track,1585,358292767,Broadarrow Track,track_grade4,TARGET,40.52306256929991
12106,Broadarrow 4Wd Track,1586,358292767,Broadarrow Track,track_grade4,TARGET,52.74013651858101
12106,Broadarrow 4Wd Track,1587,358292767,Broadarrow Track,track_grade4,TARGET,51.749180669936294
12106,Broadarrow 4Wd Track,1588,358292767,Broadarrow Track,track_grade4,TARGET,35.885222585270604
12106,Broadarrow 4Wd Track,1589,358292767,Broadarrow Track,track_grade4,TARGET,33.187553389796385
12106,Broadarrow 4Wd Track,1590,358292767,Broadarrow Track,track_grade4,TARGET,76.77494708570062
12106,Broadarrow 4Wd Track,1591,358292767,Broadarrow Track,track_grade4,TARGET,89.61228542993764
12106,Broadarrow 4Wd Track,1592,358292767,Broadarrow Track,track_grade4,TARGET,79.9679498300743
12106,Broadarrow 4Wd Track,1593,358292767,Broadarrow Track,track_grade4,TARGET,92.41137646405467
12106,Broadarrow 4Wd Track,1594,358292767,Broadarrow Track,track_grade4,TARGET,51.451336231432066
12106,Broadarrow 4Wd Track,1595,358292767,Broadarrow Track,track_grade4,TARGET,84.06948614086683
12106,Broadarrow 4Wd Track,1596,358292767,Broadarrow Track,track_grade4,TARGET,126.31758389076484
12106,Broadarrow 4Wd Track,1597,358292767,Broadarrow Track,track_grade4,TARGET,83.24885885101948
12106,Broadarrow 4Wd Track,1598,358292767,Broadarrow Track,track_grade4,TARGET,65.32834300670777
12106,Broadarrow 4Wd Track,1599,358292767,Broadarrow Track,track_grade4,TARGET,65.99697947636028
12106,Broadarrow 4Wd Track,1600,358292767,Broadarrow Track,track_grade4,TARGET,37.350589018043635
12106,Broadarrow 4Wd Track,1601,358292767,Broadarrow Track,track_grade4,TARGET,42.06612057238395
12106,Broadarrow 4Wd Track,1602,358292767,Broadarrow Track,track_grade4,TARGET,39.450366284681934
12106,Broadarrow 4Wd Track,1603,358292767,Broadarrow Track,track_grade4,TARGET,29.53763870049787
12106,Broadarrow 4Wd Track,1604,358292767,Broadarrow Track,track_grade4,TARGET,45.643597579614735
12106,Broadarrow 4Wd Track,1605,358292767,Broadarrow Track,track_grade4,TARGET,17.222314013972554
12106,Broadarrow 4Wd Track,1606,358292767,Broadarrow Track,track_grade4,TARGET,14.568613523604608
12106,Broadarrow 4Wd Track,1607,358292767,Broadarrow Track,track_grade4,TARGET,16.031085428127145
12106,Broadarrow 4Wd Track,1608,358292767,Broadarrow Track,track_grade4,TARGET,62.30090609284319
12106,Broadarrow 4Wd Track,1609,358292767,Broadarrow Track,track_grade4,TARGET,27.347851835308205
12106,Broadarrow 4Wd Track,1610,358292767,Broadarrow Track,track_grade4,TARGET,26.750747653057037
12106,Broadarrow 4Wd Track,1611,358292767,Broadarrow Track,track_grade4,TARGET,63.34695967455093
12106,Broadarrow 4Wd Track,1612,358292767,Broadarrow Track,track_grade4,TARGET,39.21623388327847
12106,Broadarrow 4Wd Track,1613,358292767,Broadarrow Track,track_grade4,TARGET,41.12485987813728
12106,Broadarrow 4Wd Track,1614,358292767,Broadarrow Track,track_grade4,TARGET,43.53631702386035
12106,Broadarrow 4Wd Track,1615,358292767,Broadarrow Track,track_grade4,TARGET,57.54168054553074
12106,Broadarrow 4Wd Track,1616,358292767,Broadarrow Track,track_grade4,TARGET,31.474206900255925
12106,Broadarrow 4Wd Track,1617,358292767,Broadarrow Track,track_grade4,TARGET,20.98482546976658
12106,Broadarrow 4Wd Track,1618,358292767,Broadarrow Track,track_grade4,TARGET,69.70924257225151
12106,Broadarrow 4Wd Track,1619,358292767,Broadarrow Track,track_grade4,TARGET,98.14643396476116
12106,Broadarrow 4Wd Track,1620,358292767,Broadarrow Track,track_grade4,TARGET,120.97107174874805
12106,Broadarrow 4Wd Track,1621,358292767,Broadarrow Track,track_grade4,TARGET,97.12150328318643
12106,Broadarrow 4Wd Track,1622,358292767,Broadarrow Track,track_grade4,TARGET,94.1247523237762
12106,Broadarrow 4Wd Track,1623,358292767,Broadarrow Track,track_grade4,TARGET,87.68281530593956
12106,Broadarrow 4Wd Track,1624,358292767,Broadarrow Track,track_grade4,TARGET,99.30980867982895
12106,Broadarrow 4Wd Track,1625,358292767,Broadarrow Track,track_grade4,TARGET,101.58422121561372
12106,Broadarrow 4Wd Track,1626,358292767,Broadarrow Track,track_grade4,TARGET,74.37093652764976
12106,Broadarrow 4Wd Track,1627,358292767,Broadarrow Track,track_grade4,TARGET,23.5218217831793
12106,Broadarrow 4Wd Track,1628,358292767,Broadarrow Track,track_grade4,TARGET,46.18367677010468
12106,Broadarrow 4Wd Track,1629,358292767,Broadarrow Track,track_grade4,TARGET,57.08690305133275
12106,Broadarrow 4Wd Track,1630,358292767,Broadarrow Track,track_grade4,TARGET,28.69461621990282
12106,Broadarrow 4Wd Track,1631,358292767,Broadarrow Track,track_grade4,TARGET,48.75076409656488
12106,Broadarrow 4Wd Track,1632,358292767,Broadarrow Track,track_grade4,TARGET,49.771498872261525
12106,Broadarrow 4Wd Track,1633,358292767,Broadarrow Track,track_grade4,TARGET,26.683875280900764
12106,Broadarrow 4Wd Track,1634,358292767,Broadarrow Track,track_grade4,TARGET,32.50453660636717
12106,Broadarrow 4Wd Track,1635,358292767,Broadarrow Track,track_grade4,TARGET,21.512380156561132
12106,Broadarrow 4Wd Track,1636,358292767,Broadarrow Track,track_grade4,TARGET,32.63711997097997
12106,Broadarrow 4Wd Track,1637,358292767,Broadarrow Track,track_grade4,TARGET,98.28221405736709
12106,Broadarrow 4Wd Track,1638,358292767,Broadarrow Track,track_grade4,TARGET,72.57903278499437
12106,Broadarrow 4Wd Track,1639,358292767,Broadarrow Track,track_grade4,TARGET,38.37379965551519
12106,Broadarrow 4Wd Track,1640,358292767,Broadarrow Track,track_grade4,TARGET,65.2748052466705
12106,Broadarrow 4Wd Track,1641,358292767,Broadarrow Track,track_grade4,TARGET,55.60496740400299
12106,Broadarrow 4Wd Track,1642,358292767,Broadarrow Track,track_grade4,TARGET,81.94037344305852
12106,Broadarrow 4Wd Track,1643,358292767,Broadarrow Track,track_grade4,TARGET,81.63101432675695
12106,Broadarrow 4Wd Track,1644,358292767,Broadarrow Track,track_grade4,TARGET,54.16892928606118
12106,Broadarrow 4Wd Track,1645,358292767,Broadarrow Track,track_grade4,TARGET,47.25447068789651
12106,Broadarrow 4Wd Track,1646,358292767,Broadarrow Track,track_grade4,TARGET,36.07199051900925
12106,Broadarrow 4Wd Track,1647,358292767,Broadarrow Track,track_grade4,TARGET,65.95710120979817
12106,Broadarrow 4Wd Track,1648,358292767,Broadarrow Track,track_grade4,TARGET,31.373855357669466
12106,Broadarrow 4Wd Track,1649,358292767,Broadarrow Track,track_grade4,TARGET,50.43057108539919
12106,Broadarrow 4Wd Track,1650,358292767,Broadarrow Track,track_grade4,TARGET,31.17955259457434
12106,Broadarrow 4Wd Track,1651,358292767,Broadarrow Track,track_grade4,TARGET,46.44158158372182
12106,Broadarrow 4Wd Track,1652,358292767,Broadarrow Track,track_grade4,TARGET,34.270421649075864
12106,Broadarrow 4Wd Track,1653,358292767,Broadarrow Track,track_grade4,TARGET,37.12545757281004
12106,Broadarrow 4Wd Track,1654,358292767,Broadarrow Track,track_grade4,TARGET,77.12510615892741
12106,Broadarrow 4Wd Track,1655,358292767,Broadarrow Track,track_grade4,TARGET,85.34924135571825
12106,Broadarrow 4Wd Track,1656,358292767,Broadarrow Track,track_grade4,TARGET,186.80801508498567
12106,Broadarrow 4Wd Track,1657,358292767,Broadarrow Track,track_grade4,TARGET,41.926956722272934
12106,Broadarrow 4Wd Track,1658,358292767,Broadarrow Track,track_grade4,TARGET,28.69168694935814
12106,Broadarrow 4Wd Track,1659,358292767,Broadarrow Track,track_grade4,TARGET,37.79225582042759
12106,Broadarrow 4Wd Track,1660,358292767,Broadarrow Track,track_grade4,TARGET,88.16955597031989
12106,Broadarrow 4Wd Track,1661,358292767,Broadarrow Track,track_grade4,TARGET,42.308132787937694
12106,Broadarrow 4Wd Track,1662,358292767,Broadarrow Track,track_grade4,TARGET,57.60684421137681
12106,Broadarrow 4Wd Track,1663,358292767,Broadarrow Track,track_grade4,TARGET,52.39969656401782
12106,Broadarrow 4Wd Track,1664,358292767,Broadarrow Track,track_grade4,TARGET,67.31122120427577
12106,Broadarrow 4Wd Track,1665,358292767,Broadarrow Track,track_grade4,TARGET,46.07511258794665
12106,Broadarrow 4Wd Track,1666,358292767,Broadarrow Track,track_grade4,TARGET,70.39302877431234
12106,Broadarrow 4Wd Track,1667,358292767,Broadarrow Track,track_grade4,TARGET,127.60226682938686
12106,Broadarrow 4Wd Track,1668,358292767,Broadarrow Track,track_grade4,TARGET,53.287103505436285
12106,Broadarrow 4Wd Track,1669,358292767,Broadarrow Track,track_grade4,TARGET,121.88091934330515
12106,Broadarrow 4Wd Track,1670,358292767,Broadarrow Track,track_grade4,TARGET,86.34220578607537
12106,Broadarrow 4Wd Track,1671,358292767,Broadarrow Track,track_grade4,TARGET,47.78702857466741
12106,Broadarrow 4Wd Track,1672,358292767,Broadarrow Track,track_grade4,TARGET,48.1134866747302
12106,Broadarrow 4Wd Track,1673,358292767,Broadarrow Track,track_grade4,TARGET,60.87615707323159
12106,Broadarrow 4Wd Track,1674,358292767,Broadarrow Track,track_grade4,TARGET,83.73381276396904
12106,Broadarrow 4Wd Track,1675,358292767,Broadarrow Track,track_grade4,TARGET,71.71348060177414
12106,Broadarrow 4Wd Track,1676,358292767,Broadarrow Track,track_grade4,TARGET,115.98675484723564
12106,Broadarrow 4Wd Track,1677,358292767,Broadarrow Track,track_grade4,TARGET,100.5788685559062
12106,Broadarrow 4Wd Track,1678,358292767,Broadarrow Track,track_grade4,TARGET,87.96681021849639
12106,Broadarrow 4Wd Track,1679,358292767,Broadarrow Track,track_grade4,TARGET,178.9801578386963
12106,Broadarrow 4Wd Track,1680,358292767,Broadarrow Track,track_grade4,TARGET,174.41218793414592
12106,Broadarrow 4Wd Track,1681,358292767,Broadarrow Track,track_grade4,TARGET,114.54992666954337
12106,Broadarrow 4Wd Track,1682,358292767,Broadarrow Track,track_grade4,TARGET,173.81510233584933
12106,Broadarrow 4Wd Track,1683,358292767,Broadarrow Track,track_grade4,TARGET,197.42040522717633
12106,Broadarrow 4Wd Track,1684,358292767,Broadarrow Track,track_grade4,TARGET,315.1507385362371
12106,Broadarrow 4Wd Track,1685,358292767,Broadarrow Track,track_grade4,TARGET,126.59752288248337
12106,Broadarrow 4Wd Track,1686,358292767,Broadarrow Track,track_grade4,TARGET,71.67473892532622
12106,Broadarrow 4Wd Track,1687,358292767,Broadarrow Track,track_grade4,TARGET,157.43584629925633
12106,Broadarrow 4Wd Track,1688,358292767,Broadarrow Track,track_grade4,TARGET,137.85005223076877
12106,Broadarrow 4Wd Track,1689,358292767,Broadarrow Track,track_grade4,TARGET,141.84407284052884
12106,Broadarrow 4Wd Track,1690,358292767,Broadarrow Track,track_grade4,TARGET,178.28066215949158
12106,Broadarrow 4Wd Track,1691,358292767,Broadarrow Track,track_grade4,TARGET,44.13808446222551
12106,Broadarrow 4Wd Track,1692,358292767,Broadarrow Track,track_grade4,TARGET,138.23271863056894
12106,Broadarrow 4Wd Track,1693,358292767,Broadarrow Track,track_grade4,TARGET,138.7718739515251
12106,Broadarrow 4Wd Track,1694,358292767,Broadarrow Track,track_grade4,TARGET,73.17444909257367
12106,Broadarrow 4Wd Track,1695,358292767,Broadarrow Track,track_grade4,TARGET,116.8833799134623
12106,Broadarrow 4Wd Track,1696,358292767,Broadarrow Track,track_grade4,TARGET,230.81623967990254
12106,Broadarrow 4Wd Track,1697,358292767,Broadarrow Track,track_grade4,TARGET,423.1374548535865
12106,Broadarrow 4Wd Track,1698,358292767,Broadarrow Track,track_grade4,TARGET,41.934025564128056
12106,Broadarrow 4Wd Track,1699,358292767,Broadarrow Track,track_grade4,TARGET,312.17808058864335
12106,Broadarrow 4Wd Track,1700,358292767,Broadarrow Track,track_grade4,TARGET,182.2877121474513
12106,Broadarrow 4Wd Track,1701,358292767,Broadarrow Track,track_grade4,TARGET,185.84915307859558
12106,Broadarrow 4Wd Track,1702,358292767,Broadarrow Track,track_grade4,TARGET,50.914461599733066
12106,Broadarrow 4Wd Track,1703,358292767,Broadarrow Track,track_grade4,TARGET,168.77329468855234
12106,Broadarrow 4Wd Track,1704,358292767,Broadarrow Track,track_grade4,TARGET,146.34272376860375
12106,Broadarrow 4Wd Track,1705,358292767,Broadarrow Track,track_grade4,TARGET,41.66453647871504
12106,Broadarrow 4Wd Track,1706,358292767,Broadarrow Track,track_grade4,TARGET,72.8580125998873
12106,Broadarrow 4Wd Track,1707,358292767,Broadarrow Track,track_grade4,TARGET,115.31448564693684
12106,Broadarrow 4Wd Track,1708,358292767,Broadarrow Track,track_grade4,TARGET,235.01703810569487
12106,Broadarrow 4Wd Track,1709,358292767,Broadarrow Track,track_grade4,TARGET,299.1590695599335
12106,Broadarrow 4Wd Track,1710,358292767,Broadarrow Track,track_grade4,TARGET,167.7810078644538
12106,Broadarrow 4Wd Track,1711,358292767,Broadarrow Track,track_grade4,TARGET,177.51075601218943
12106,Broadarrow 4Wd Track,1712,358292767,Broadarrow Track,track_grade4,TARGET,87.87733723763888
12106,Broadarrow 4Wd Track,1713,358292767,Broadarrow Track,track_grade4,TARGET,82.27260540426474
12106,Broadarrow 4Wd Track,1714,358292767,Broadarrow Track,track_grade4,TARGET,72.91459387524792
12106,Broadarrow 4Wd Track,1715,358292767,Broadarrow Track,track_grade4,TARGET,214.32337156753388
12106,Broadarrow 4Wd Track,1716,358292767,Broadarrow Track,track_grade4,TARGET,231.96930184817103
12106,Broadarrow 4Wd Track,1717,358292767,Broadarrow Track,track_grade4,TARGET,306.3485604668006
12106,Broadarrow 4Wd Track,1718,358292767,Broadarrow Track,track_grade4,TARGET,193.65206582941508
12106,Broadarrow 4Wd Track,1719,358292767,Broadarrow Track,track_grade4,TARGET,52.89128850763113
12106,Broadarrow 4Wd Track,1720,358292767,Broadarrow Track,track_grade4,TARGET,291.58874635334325
12106,Broadarrow 4Wd Track,1721,358292767,Broadarrow Track,track_grade4,TARGET,118.92846925795934
12106,Broadarrow 4Wd Track,1722,358292767,Broadarrow Track,track_grade4,TARGET,338.7295210044906
12106,Broadarrow 4Wd Track,1723,358292767,Broadarrow Track,track_grade4,TARGET,236.27865942571069
12106,Broadarrow 4Wd Track,1724,358292767,Broadarrow Track,track_grade4,TARGET,172.55374959706154
12106,Broadarrow 4Wd Track,1725,358292767,Broadarrow Track,track_grade4,TARGET,227.9696826333889
12106,Broadarrow 4Wd Track,1726,358292767,Broadarrow Track,track_grade4,TARGET,231.62746641970196
12106,Broadarrow 4Wd Track,1727,358292767,Broadarrow Track,track_grade4,TARGET,219.7619678197334
12106,Broadarrow 4Wd Track,1728,358292767,Broadarrow Track,track_grade4,TARGET,286.25869873246864
12106,Broadarrow 4Wd Track,1729,358292767,Broadarrow Track,track_grade4,TARGET,108.38028649162617
12106,Broadarrow 4Wd Track,1730,358292767,Broadarrow Track,track_grade4,TARGET,108.17482609178086
12106,Broadarrow 4Wd Track,1731,358292767,Broadarrow Track,track_grade4,TARGET,59.453027677272
12106,Broadarrow 4Wd Track,1732,358292767,Broadarrow Track,track_grade4,TARGET,162.11507178562974
12106,Broadarrow 4Wd Track,1733,358292767,Broadarrow Track,track_grade4,TARGET,217.62837498815594
12106,Broadarrow 4Wd Track,1734,358292767,Broadarrow Track,track_grade4,TARGET,80.85507096036515
12106,Broadarrow 4Wd Track,1735,358292767,Broadarrow Track,track_grade4,TARGET,383.655183726144
12106,Broadarrow 4Wd Track,1736,358292767,Broadarrow Track,track_grade4,TARGET,373.1303987884634
12106,Broadarrow 4Wd Track,1737,358292767,Broadarrow Track,track_grade4,TARGET,314.83424464311236
12106,Broadarrow 4Wd Track,1738,358292767,Broadarrow Track,track_grade4,TARGET,176.4804252600867
12106,Broadarrow 4Wd Track,1739,358292767,Broadarrow Track,track_grade4,TARGET,354.84523386966947
12106,Broadarrow 4Wd Track,1740,358292767,Broadarrow Track,track_grade4,TARGET,277.8937690916201
12106,Broadarrow 4Wd Track,1741,358292767,Broadarrow Track,track_grade4,TARGET,81.06994634279756
12106,Broadarrow 4Wd Track,1742,358292767,Broadarrow Track,track_grade4,TARGET,56.12251063506779
12106,Broadarrow 4Wd Track,1743,358292767,Broadarrow Track,track_grade4,TARGET,67.08768068733539
12106,Broadarrow 4Wd Track,1744,358292767,Broadarrow Track,track_grade4,TARGET,96.55659946384577
12106,Broadarrow 4Wd Track,1745,358292767,Broadarrow Track,track_grade4,TARGET,104.2809690211794
12106,Broadarrow 4Wd Track,1746,358292767,Broadarrow Track,track_grade4,TARGET,86.71617438511049
12106,Broadarrow 4Wd Track,1747,358292767,Broadarrow Track,track_grade4,TARGET,96.11920203567497
12106,Broadarrow 4Wd Track,1748,358292767,Broadarrow Track,track_grade4,TARGET,101.09981305633582
12106,Broadarrow 4Wd Track,1749,358292767,Broadarrow Track,track_grade4,TARGET,129.30234220605467
12106,Broadarrow 4Wd Track,1750,358292767,Broadarrow Track,track_grade4,TARGET,104.1658010099223
12106,Broadarrow 4Wd Track,1751,358292767,Broadarrow Track,track_grade4,TARGET,128.18278277516663
12106,Broadarrow 4Wd Track,1752,358292767,Broadarrow Track,track_grade4,TARGET,78.92394630269231
12106,Broadarrow 4Wd Track,1753,358292767,Broadarrow Track,track_grade4,TARGET,70.33599718498735
12106,Broadarrow 4Wd Track,1754,358292767,Broadarrow Track,track_grade4,TARGET,82.3293003735042
12106,Broadarrow 4Wd Track,1755,358292767,Broadarrow Track,track_grade4,TARGET,114.61630337794752
12106,Broadarrow 4Wd Track,1756,358292767,Broadarrow Track,track_grade4,TARGET,106.67598511381846
12106,Broadarrow 4Wd Track,1757,358292767,Broadarrow Track,track_grade4,TARGET,28.42824827517441
12106,Broadarrow 4Wd Track,1758,358292767,Broadarrow Track,track_grade4,TARGET,64.10654958739181
12106,Broadarrow 4Wd Track,1759,358292767,Broadarrow Track,track_grade4,TARGET,69.60426567386907
12106,Broadarrow 4Wd Track,1760,358292767,Broadarrow Track,track_grade4,TARGET,83.34176863973802
12106,Broadarrow 4Wd Track,1761,358292767,Broadarrow Track,track_grade4,TARGET,127.096123072253
12106,Broadarrow 4Wd Track,1762,358292767,Broadarrow Track,track_grade4,TARGET,81.15090387666763
12106,Broadarrow 4Wd Track,1763,358292767,Broadarrow Track,track_grade4,TARGET,57.9565440653509
12106,Broadarrow 4Wd Track,1764,358292767,Broadarrow Track,track_grade4,TARGET,168.3530056161892
12106,Broadarrow 4Wd Track,1765,358292767,Broadarrow Track,track_grade4,TARGET,154.64081285348945
12106,Broadarrow 4Wd Track,1766,358292767,Broadarrow Track,track_grade4,TARGET,223.41033122938188
12106,Broadarrow 4Wd Track,1767,358292767,Broadarrow Track,track_grade4,TARGET,138.55415439456146
12106,Broadarrow 4Wd Track,1768,358292767,Broadarrow Track,track_grade4,TARGET,241.90426205422287
12106,Broadarrow 4Wd Track,1769,358292767,Broadarrow Track,track_grade4,TARGET,106.08280020811877
12106,Broadarrow 4Wd Track,1770,358292767,Broadarrow Track,track_grade4,TARGET,142.1446094651669
12106,Broadarrow 4Wd Track,1771,358292767,Broadarrow Track,track_grade4,TARGET,85.40126287125182
12106,Broadarrow 4Wd Track,1772,358292767,Broadarrow Track,track_grade4,TARGET,141.69675013915585
12106,Broadarrow 4Wd Track,1773,358292767,Broadarrow Track,track_grade4,TARGET,115.33752294893445
12106,Broadarrow 4Wd Track,1774,358292767,Broadarrow Track,track_grade4,TARGET,93.09604986248502
12106,Broadarrow 4Wd Track,1775,358292767,Broadarrow Track,track_grade4,TARGET,123.11792598966744
12106,Broadarrow 4Wd Track,1776,358292767,Broadarrow Track,track_grade4,TARGET,82.86376590521462
12106,Broadarrow 4Wd Track,1777,358292767,Broadarrow Track,track_grade4,TARGET,49.724735293469635
12106,Broadarrow 4Wd Track,1778,358292767,Broadarrow Track,track_grade4,TARGET,55.51582567164289
12106,Broadarrow 4Wd Track,1779,358292767,Broadarrow Track,track_grade4,TARGET,315.52697032106676
12106,Broadarrow 4Wd Track,1780,358292767,Broadarrow Track,track_grade4,TARGET,377.74354276410884
12106,Broadarrow 4Wd Track,1781,358292767,Broadarrow Track,track_grade4,TARGET,288.60628077016594
12106,Broadarrow 4Wd Track,1782,358292767,Broadarrow Track,track_grade4,TARGET,266.89104031435807
12106,Broadarrow 4Wd Track,1783,358292767,Broadarrow Track,track_grade4,TARGET,293.47179779307567
12106,Broadarrow 4Wd Track,1784,358292767,Broadarrow Track,track_grade4,TARGET,79.57213645506339
12106,Broadarrow 4Wd Track,1785,358292767,Broadarrow Track,track_grade4,TARGET,494.0476108634583
12106,Broadarrow 4Wd Track,1786,358292767,Broadarrow Track,track_grade4,TARGET,841.8098750905896
12106,Broadarrow 4Wd Track,1787,358292767,Broadarrow Track,track_grade4,TARGET,771.6413240619447
12106,Broadarrow 4Wd Track,1788,358292767,Broadarrow Track,track_grade4,TARGET,293.05082869693956
12106,Broadarrow 4Wd Track,1789,358292767,Broadarrow Track,track_grade4,TARGET,256.3347756354136
12106,Broadarrow 4Wd Track,1790,358292767,Broadarrow Track,track_grade4,TARGET,105.75721488392053
12106,Broadarrow 4Wd Track,1791,358292767,Broadarrow Track,track_grade4,TARGET,207.91392930715196
12106,Broadarrow 4Wd Track,1792,358292767,Broadarrow Track,track_grade4,TARGET,201.60166864405025
12106,Broadarrow 4Wd Track,1793,358292767,Broadarrow Track,track_grade4,TARGET,1244.6755203263172
12106,Broadarrow 4Wd Track,1794,358292767,Broadarrow Track,track_grade4,TARGET,354.44803991575327
12106,Broadarrow 4Wd Track,1795,358292767,Broadarrow Track,track_grade4,TARGET,1304.1090514599653
12106,Broadarrow 4Wd Track,1796,358292767,Broadarrow Track,track_grade4,TARGET,1301.135890289738
12106,Broadarrow 4Wd Track,1797,358292767,Broadarrow Track,track_grade4,TARGET,475.53293240324234
12106,Broadarrow 4Wd Track,1798,358292767,Broadarrow Track,track_grade4,TARGET,669.8745766932238
12106,Broadarrow 4Wd Track,1799,358292767,Broadarrow Track,track_grade4,TARGET,129.79661821468233
12106,Broadarrow 4Wd Track,1800,358292767,Broadarrow Track,track_grade4,TARGET,38.15445583428904
12106,Broadarrow 4Wd Track,1801,358292767,Broadarrow Track,track_grade4,TARGET,145.02573737101113
12106,Broadarrow 4Wd Track,1802,358292767,Broadarrow Track,track_grade4,TARGET,197.17906912236077
12106,Broadarrow 4Wd Track,1803,358292767,Broadarrow Track,track_grade4,TARGET,111.02533494664198
12106,Broadarrow 4Wd Track,1804,358292767,Broadarrow Track,track_grade4,TARGET,98.54526066734265
12106,Broadarrow 4Wd Track,1805,358292767,Broadarrow Track,track_grade4,TARGET,146.46488487001602
12106,Broadarrow 4Wd Track,1806,358292767,Broadarrow Track,track_grade4,TARGET,162.24711091418547
12106,Broadarrow 4Wd Track,1807,358292767,Broadarrow Track,track_grade4,TARGET,203.54210964809158
12106,Broadarrow 4Wd Track,1808,358292767,Broadarrow Track,track_grade4,TARGET,115.19837021420453
12106,Broadarrow 4Wd Track,1809,358292767,Broadarrow Track,track_grade4,TARGET,127.61308161783643
12106,Broadarrow 4Wd Track,1810,358292767,Broadarrow Track,track_grade4,TARGET,73.80281837430411
12106,Broadarrow 4Wd Track,1811,358292767,Broadarrow Track,track_grade4,TARGET,164.97919293047457
12106,Broadarrow 4Wd Track,1812,358292767,Broadarrow Track,track_grade4,TARGET,194.22887864588552
12106,Broadarrow 4Wd Track,1813,358292767,Broadarrow Track,track_grade4,TARGET,542.0238507666743
12106,Broadarrow 4Wd Track,1814,358292767,Broadarrow Track,track_grade4,TARGET,464.89517409843734
12106,Broadarrow 4Wd Track,1815,358292767,Broadarrow Track,track_grade4,TARGET,834.890231886752
12106,Broadarrow 4Wd Track,1816,358292767,Broadarrow Track,track_grade4,TARGET,644.931941370662
12106,Broadarrow 4Wd Track,1817,358292767,Broadarrow Track,track_grade4,TARGET,357.65565702219396
12106,Broadarrow 4Wd Track,1818,358292767,Broadarrow Track,track_grade4,TARGET,317.58474034510664
12106,Broadarrow 4Wd Track,1819,358292767,Broadarrow Track,track_grade4,TARGET,243.969731319295
12106,Broadarrow 4Wd Track,1820,358292767,Broadarrow Track,track_grade4,TARGET,190.8424389384054
12106,Broadarrow 4Wd Track,1821,358292767,Broadarrow Track,track_grade4,TARGET,437.9513814340037
12106,Broadarrow 4Wd Track,1822,358292767,Broadarrow Track,track_grade4,TARGET,357.34288547563597
12106,Broadarrow 4Wd Track,1823,358292767,Broadarrow Track,track_grade4,TARGET,578.356239700049
12106,Broadarrow 4Wd Track,1824,358292767,Broadarrow Track,track_grade4,TARGET,536.265704478677
12106,Broadarrow 4Wd Track,1825,358292767,Broadarrow Track,track_grade4,TARGET,320.60308732130676
12106,Broadarrow 4Wd Track,1826,358292767,Broadarrow Track,track_grade4,TARGET,459.00721573849864
12106,Broadarrow 4Wd Track,1827,358292767,Broadarrow Track,track_grade4,TARGET,281.9970411191642
12106,Broadarrow 4Wd Track,1828,358292767,Broadarrow Track,track_grade4,TARGET,402.3415606173608
12106,Broadarrow 4Wd Track,1829,358292767,Broadarrow Track,track_grade4,TARGET,365.0844661170961
12106,Broadarrow 4Wd Track,1830,358292767,Broadarrow Track,track_grade4,TARGET,281.8782675198748
12106,Broadarrow 4Wd Track,1831,358292767,Broadarrow Track,track_grade4,TARGET,268.6446025886194
12106,Broadarrow 4Wd Track,1832,358292767,Broadarrow Track,track_grade4,TARGET,388.3576150920541
12106,Broadarrow 4Wd Track,1833,358292767,Broadarrow Track,track_grade4,TARGET,89.17510919533062
12106,Broadarrow 4Wd Track,1834,358292767,Broadarrow Track,track_grade4,TARGET,33.41650041519809
12106,Broadarrow 4Wd Track,1835,358296768,Broadarrow Track,track,TARGET,64.84345456563926
12106,Broadarrow 4Wd Track,1836,358296768,Broadarrow Track,track,TARGET,76.59818862095783
12106,Broadarrow 4Wd Track,1837,358296769,,track,UNNAMED,265.56982546957664
12106,Broadarrow 4Wd Track,1838,358296769,,track,UNNAMED,72.91315176302365
12106,Broadarrow 4Wd Track,1839,358296769,,track,UNNAMED,97.60226226889463
12106,Broadarrow 4Wd Track,1840,358296769,,track,UNNAMED,252.01837274285634
12106,Broadarrow 4Wd Track,1841,358296769,,track,UNNAMED,252.145730877911
12106,Broadarrow 4Wd Track,1842,358296769,,track,UNNAMED,130.2280680192973
12106,Broadarrow 4Wd Track,1843,358296769,,track,UNNAMED,647.5250872358312
12106,Broadarrow 4Wd Track,1844,358296769,,track,UNNAMED,225.61416666530323
12106,Broadarrow 4Wd Track,1845,358296769,,track,UNNAMED,212.91517395421207
12106,Broadarrow 4Wd Track,1846,358296769,,track,UNNAMED,138.85845779062848
12106,Broadarrow 4Wd Track,1847,358296769,,track,UNNAMED,155.73432023820115
12106,Broadarrow 4Wd Track,1848,358296769,,track,UNNAMED,284.2301690531626
12106,Broadarrow 4Wd Track,1849,358296769,,track,UNNAMED,151.18708013578203
12106,Broadarrow 4Wd Track,1850,358296769,,track,UNNAMED,164.63265532684346
12106,Broadarrow 4Wd Track,1851,358296769,,track,UNNAMED,110.40248049762648
12106,Broadarrow 4Wd Track,1852,358296769,,track,UNNAMED,82.76220453792706
12106,Broadarrow 4Wd Track,1853,358296769,,track,UNNAMED,218.67047102899315
12106,Broadarrow 4Wd Track,1854,358296769,,track,UNNAMED,274.74142752766556
12106,Broadarrow 4Wd Track,1855,358296769,,track,UNNAMED,253.96610364388562
12106,Broadarrow 4Wd Track,1856,358296769,,track,UNNAMED,152.91790379147855
12106,Broadarrow 4Wd Track,1857,358296769,,track,UNNAMED,97.72765473504808
12106,Broadarrow 4Wd Track,1858,358296769,,track,UNNAMED,305.74320270440757
12106,Broadarrow 4Wd Track,1859,358296769,,track,UNNAMED,145.5347549558129
12106,Broadarrow 4Wd Track,1860,358296769,,track,UNNAMED,395.040316423331
12106,Broadarrow 4Wd Track,1861,358296769,,track,UNNAMED,56.918588352141995
12106,Broadarrow 4Wd Track,1862,358296769,,track,UNNAMED,114.07829986464638
12106,Broadarrow 4Wd Track,1863,358296769,,track,UNNAMED,183.89798585092856
12106,Broadarrow 4Wd Track,1864,358296769,,track,UNNAMED,155.46365009219625
12106,Broadarrow 4Wd Track,1865,358296769,,track,UNNAMED,197.6947649786494
12106,Broadarrow 4Wd Track,1866,358296769,,track,UNNAMED,98.76185194702452
12106,Broadarrow 4Wd Track,1867,358296769,,track,UNNAMED,106.19544670097633
12106,Broadarrow 4Wd Track,1868,358296769,,track,UNNAMED,104.01476674014187
12106,Broadarrow 4Wd Track,1869,358296769,,track,UNNAMED,106.11281260984983
12106,Broadarrow 4Wd Track,1870,358296769,,track,UNNAMED,38.15290552499378
12106,Broadarrow 4Wd Track,1871,358296769,,track,UNNAMED,39.343817811713635
12106,Broadarrow 4Wd Track,1872,358296769,,track,UNNAMED,199.94161647856936
12106,Broadarrow 4Wd Track,1873,358296769,,track,UNNAMED,3975.76704042122
12106,Broadarrow 4Wd Track,1874,358296769,,track,UNNAMED,3683.9210210046203
12106,Broadarrow 4Wd Track,1875,358296769,,track,UNNAMED,7727.418699675841
12106,Broadarrow 4Wd Track,1876,358296769,,track,UNNAMED,862.1151983929109
12106,Broadarrow 4Wd Track,1877,358296769,,track,UNNAMED,2234.4269528672785
12106,Broadarrow 4Wd Track,1878,358296769,,track,UNNAMED,3467.348652356716
12106,Broadarrow 4Wd Track,1879,358296769,,track,UNNAMED,1590.46704417293
12106,Broadarrow 4Wd Track,1880,358296769,,track,UNNAMED,18.000277775634498
12106,Broadarrow 4Wd Track,1881,358296769,,track,UNNAMED,11.483192064827945
12106,Broadarrow 4Wd Track,1882,358296769,,track,UNNAMED,2405.610518309397
12106,Broadarrow 4Wd Track,1883,358296769,,track,UNNAMED,1575.953736027806
12106,Broadarrow 4Wd Track,1884,358296769,,track,UNNAMED,111.42093250371805
12106,Broadarrow 4Wd Track,1885,358296769,,track,UNNAMED,55.10639255108329
12106,Broadarrow 4Wd Track,1886,358296769,,track,UNNAMED,47.22128863127905
12106,Broadarrow 4Wd Track,1887,358296769,,track,UNNAMED,23.998677046865996
12106,Broadarrow 4Wd Track,1888,358296769,,track,UNNAMED,48.74706657833573
12106,Broadarrow 4Wd Track,1889,358296769,,track,UNNAMED,54.44418977266062
12106,Broadarrow 4Wd Track,1890,358296769,,track,UNNAMED,55.05346673919841
12106,Broadarrow 4Wd Track,1891,358296769,,track,UNNAMED,66.67571221971059
12106,Broadarrow 4Wd Track,1892,358296769,,track,UNNAMED,57.718722265783306
12106,Broadarrow 4Wd Track,1893,358296769,,track,UNNAMED,72.7878918501874
12106,Broadarrow 4Wd Track,1894,358296769,,track,UNNAMED,109.60178465701223
12106,Broadarrow 4Wd Track,1895,358296769,,track,UNNAMED,82.13080542643135
12106,Broadarrow 4Wd Track,1896,358296769,,track,UNNAMED,86.49397031016785
12106,Broadarrow 4Wd Track,1897,358296769,,track,UNNAMED,102.26669301383237
12106,Broadarrow 4Wd Track,1898,358296769,,track,UNNAMED,47.80216417701591
12106,Broadarrow 4Wd Track,1899,358296769,,track,UNNAMED,19.531730594003978
12106,Broadarrow 4Wd Track,1900,358296769,,track,UNNAMED,16.78544607692387
12106,Broadarrow 4Wd Track,1901,358296769,,track,UNNAMED,39.52559929985236
12106,Broadarrow 4Wd Track,1902,358296769,,track,UNNAMED,46.76211393846536
12106,Broadarrow 4Wd Track,1903,358296769,,track,UNNAMED,48.39114898399246
12106,Broadarrow 4Wd Track,1904,358296769,,track,UNNAMED,38.81268349407804
12106,Broadarrow 4Wd Track,1905,358296769,,track,UNNAMED,48.642081575422374
12106,Broadarrow 4Wd Track,1906,358296769,,track,UNNAMED,39.33030002427825
12106,Broadarrow 4Wd Track,1907,358296769,,track,UNNAMED,45.118462961470485
12106,Broadarrow 4Wd Track,1908,358296769,,track,UNNAMED,50.39000396889235
12106,Broadarrow 4Wd Track,1909,358296769,,track,UNNAMED,180.6387178874786
12106,Broadarrow 4Wd Track,1910,358296769,,track,UNNAMED,36.161664784716514
12106,Broadarrow 4Wd Track,1911,358296769,,track,UNNAMED,38.113022708743365
12106,Broadarrow 4Wd Track,1912,358296769,,track,UNNAMED,38.58664276673651
12106,Broadarrow 4Wd Track,1913,358296769,,track,UNNAMED,40.02684099446044
12106,Broadarrow 4Wd Track,1914,358296769,,track,UNNAMED,34.609391788950724
12106,Broadarrow 4Wd Track,1915,358296769,,track,UNNAMED,34.102587878228675
12106,Broadarrow 4Wd Track,1916,358296769,,track,UNNAMED,45.8645538516897
12106,Broadarrow 4Wd Track,1917,358296769,,track,UNNAMED,32.843221522829666
12106,Broadarrow 4Wd Track,1918,358296769,,track,UNNAMED,33.84966764966816
12106,Broadarrow 4Wd Track,1919,358296769,,track,UNNAMED,58.55672805068044
12106,Broadarrow 4Wd Track,1920,358296769,,track,UNNAMED,26.527766585283434
12106,Broadarrow 4Wd Track,1921,358296769,,track,UNNAMED,24.081229204519186
12106,Broadarrow 4Wd Track,1922,358296769,,track,UNNAMED,57.61469430625525
12106,Broadarrow 4Wd Track,1923,358296769,,track,UNNAMED,48.48002578375826
12106,Broadarrow 4Wd Track,1924,358296769,,track,UNNAMED,17.730992640124
12106,Broadarrow 4Wd Track,1925,358296769,,track,UNNAMED,1037.929826577886
12106,Broadarrow 4Wd Track,1926,358296769,,track,UNNAMED,33.84833526172561
12106,Broadarrow 4Wd Track,1927,358296769,,track,UNNAMED,39.30567389068134
12106,Broadarrow 4Wd Track,1928,358296769,,track,UNNAMED,55.15711740111533
12106,Broadarrow 4Wd Track,1929,358296769,,track,UNNAMED,49.91653934317385
12106,Broadarrow 4Wd Track,1930,358296769,,track,UNNAMED,53.42276013082461
12106,Broadarrow 4Wd Track,1931,358296769,,track,UNNAMED,35.47045249229674
12106,Broadarrow 4Wd Track,1932,358296769,,track,UNNAMED,21.27881810634911
12106,Broadarrow 4Wd Track,1933,358296769,,track,UNNAMED,32.13642170485599
12106,Broadarrow 4Wd Track,1934,358296769,,track,UNNAMED,23.310448301183946
12106,Broadarrow 4Wd Track,1935,358296769,,track,UNNAMED,21.867110005648016
12106,Broadarrow 4Wd Track,1936,358296769,,track,UNNAMED,37.45654682427917
12106,Broadarrow 4Wd Track,1937,358296769,,track,UNNAMED,54.77643015022154
12106,Broadarrow 4Wd Track,1938,358296769,,track,UNNAMED,27.19640049721906
12106,Broadarrow 4Wd Track,1939,358296769,,track,UNNAMED,31.260129558197878
12106,Broadarrow 4Wd Track,1940,358296769,,track,UNNAMED,50.15648412716969
12106,Broadarrow 4Wd Track,1941,358296769,,track,UNNAMED,22.23061852504003
12106,Broadarrow 4Wd Track,1942,358296769,,track,UNNAMED,118.08238225913854
12106,Broadarrow 4Wd Track,1943,358296769,,track,UNNAMED,30.58122953711577
12106,Broadarrow 4Wd Track,1944,358296769,,track,UNNAMED,17.188510697491417
12106,Broadarrow 4Wd Track,1945,358296769,,track,UNNAMED,56.301708677382805
12106,Broadarrow 4Wd Track,1946,358296769,,track,UNNAMED,40.92863300915294
12106,Broadarrow 4Wd Track,1947,358296769,,track,UNNAMED,51.555951159881616
12106,Broadarrow 4Wd Track,1948,358296769,,track,UNNAMED,27.57792776853894
12106,Broadarrow 4Wd Track,1949,358296769,,track,UNNAMED,34.39788510949228
12106,Broadarrow 4Wd Track,1950,358296769,,track,UNNAMED,36.589415136054654
12106,Broadarrow 4Wd Track,1951,358296769,,track,UNNAMED,49.815381158639276
12106,Broadarrow 4Wd Track,1952,358296769,,track,UNNAMED,67.17860522531402
12106,Broadarrow 4Wd Track,1953,358296769,,track,UNNAMED,47.762740708549416
12106,Broadarrow 4Wd Track,1954,358296769,,track,UNNAMED,83.64389816359997
12106,Broadarrow 4Wd Track,1955,358296769,,track,UNNAMED,26.582975755123087
12106,Broadarrow 4Wd Track,1956,358296769,,track,UNNAMED,24.259241538017303
12106,Broadarrow 4Wd Track,1957,358296769,,track,UNNAMED,22.49806436119693
12106,Broadarrow 4Wd Track,1958,358296769,,track,UNNAMED,51.688730880078964
12106,Broadarrow 4Wd Track,1959,358296769,,track,UNNAMED,3738.7891820750183
12106,Broadarrow 4Wd Track,1960,358296769,,track,UNNAMED,2219.5897165466104
13872,Rum Jungle Road,1,242026015,,service,UNNAMED,80.23743016809817
13872,Rum Jungle Road,2,242026015,,service,UNNAMED,95.55643411103848
13872,Rum Jungle Road,3,242026015,,service,UNNAMED,214.20771834833894
13872,Rum Jungle Road,4,776716419,,service,UNNAMED,108.6136865224534
13872,Rum Jungle Road,5,776716419,,service,UNNAMED,9.589546391792455
13872,Rum Jungle Road,6,776716419,,service,UNNAMED,25.601941332636954
13872,Rum Jungle Road,7,777664558,,service,UNNAMED,11.400535075059917
13872,Rum Jungle Road,8,777664558,,service,UNNAMED,12.36656783427591
13872,Rum Jungle Road,9,777664558,,service,UNNAMED,17.043591171018114
13872,Rum Jungle Road,10,777664558,,service,UNNAMED,11.66741188081055
13872,Rum Jungle Road,11,777664558,,service,UNNAMED,15.072229430392731
13872,Rum Jungle Road,12,777664558,,service,UNNAMED,71.53321186692345
13872,Rum Jungle Road,13,777664558,,service,UNNAMED,9.156096329750946
14122,Limestone Gorge Road,1,320192155,,track,UNNAMED,61.93170835689451
14122,Limestone Gorge Road,2,320192155,,track,UNNAMED,102.95812838233026
14122,Limestone Gorge Road,3,320192155,,track,UNNAMED,31.265140332375854
14122,Limestone Gorge Road,4,320192155,,track,UNNAMED,34.49078717579139
14122,Limestone Gorge Road,5,320192155,,track,UNNAMED,17.206245958825143
14122,Limestone Gorge Road,6,320192155,,track,UNNAMED,14.313912812504082
14122,Limestone Gorge Road,7,320192155,,track,UNNAMED,28.259598369268687
14122,Limestone Gorge Road,8,320192155,,track,UNNAMED,19.428690125701987
14122,Limestone Gorge Road,9,320192155,,track,UNNAMED,39.671339780774844
14122,Limestone Gorge Road,10,320192155,,track,UNNAMED,10.55602671468717
14122,Limestone Gorge Road,11,320192155,,track,UNNAMED,11.986158684033422
14122,Limestone Gorge Road,12,320192155,,track,UNNAMED,18.96989193431873
14122,Limestone Gorge Road,13,320192155,,track,UNNAMED,40.52461597597007
14122,Limestone Gorge Road,14,320192155,,track,UNNAMED,16.544884405775026
14122,Limestone Gorge Road,15,320192155,,track,UNNAMED,28.808479654465966
14122,Limestone Gorge Road,16,320192155,,track,UNNAMED,26.816509840001707
14122,Limestone Gorge Road,17,320192155,,track,UNNAMED,32.71537406177249
14122,Limestone Gorge Road,18,320192155,,track,UNNAMED,34.23235019684482
14122,Limestone Gorge Road,19,320192155,,track,UNNAMED,31.532841609957085
14122,Limestone Gorge Road,20,320192155,,track,UNNAMED,31.912958183160672
14122,Limestone Gorge Road,21,320192155,,track,UNNAMED,41.48795005780915
14122,Limestone Gorge Road,22,320192155,,track,UNNAMED,40.337740392873314
14122,Limestone Gorge Road,23,320192155,,track,UNNAMED,23.757914470796035
14122,Limestone Gorge Road,24,320192155,,track,UNNAMED,33.882718308806226
14122,Limestone Gorge Road,25,320192155,,track,UNNAMED,35.362784109822265
14122,Limestone Gorge Road,26,320192155,,track,UNNAMED,58.39629097814553
14122,Limestone Gorge Road,27,320192155,,track,UNNAMED,57.121687650155415
14122,Limestone Gorge Road,28,320192155,,track,UNNAMED,100.73022634734906
14122,Limestone Gorge Road,29,320192155,,track,UNNAMED,21.067899752982576
14122,Limestone Gorge Road,30,320192155,,track,UNNAMED,21.747333169854535
14122,Limestone Gorge Road,31,320192155,,track,UNNAMED,24.450210632992036
14122,Limestone Gorge Road,32,320192155,,track,UNNAMED,25.00577733240032
14122,Limestone Gorge Road,33,320192155,,track,UNNAMED,26.414111758708607
14122,Limestone Gorge Road,34,320192155,,track,UNNAMED,25.998499956707658
14122,Limestone Gorge Road,35,320192155,,track,UNNAMED,28.092335253590452
14122,Limestone Gorge Road,36,320192155,,track,UNNAMED,25.942129827717032
14122,Limestone Gorge Road,37,320192155,,track,UNNAMED,26.897496166003933
14122,Limestone Gorge Road,38,320192155,,track,UNNAMED,26.616320181404387
14122,Limestone Gorge Road,39,320192155,,track,UNNAMED,43.212957547490916
14122,Limestone Gorge Road,40,320192155,,track,UNNAMED,16.32088539262804
14122,Limestone Gorge Road,41,320192155,,track,UNNAMED,14.557077316582493
14122,Limestone Gorge Road,42,320192155,,track,UNNAMED,25.741425756939993
14122,Limestone Gorge Road,43,320192155,,track,UNNAMED,28.137252886507316
14122,Limestone Gorge Road,44,320192155,,track,UNNAMED,31.140046563856373
14122,Limestone Gorge Road,45,320192155,,track,UNNAMED,33.484889129272965
14122,Limestone Gorge Road,46,320192155,,track,UNNAMED,34.610972248700726
14122,Limestone Gorge Road,47,320192155,,track,UNNAMED,34.37921755947072
14122,Limestone Gorge Road,48,320192155,,track,UNNAMED,55.21112659598135
14122,Limestone Gorge Road,49,320192155,,track,UNNAMED,37.17599494296397
14122,Limestone Gorge Road,50,320192155,,track,UNNAMED,18.972738336879374
14122,Limestone Gorge Road,51,320192155,,track,UNNAMED,45.49410950886073
14122,Limestone Gorge Road,52,320192155,,track,UNNAMED,53.37215097781894
14122,Limestone Gorge Road,53,320192155,,track,UNNAMED,58.44918904486003
14122,Limestone Gorge Road,54,320192155,,track,UNNAMED,25.21872716848427
14122,Limestone Gorge Road,55,320192155,,track,UNNAMED,12.675803722026261
14122,Limestone Gorge Road,56,320192155,,track,UNNAMED,11.759251676869399
14122,Limestone Gorge Road,57,320192155,,track,UNNAMED,35.99458014756753
14122,Limestone Gorge Road,58,320192155,,track,UNNAMED,33.11223338888843
14122,Limestone Gorge Road,59,320192155,,track,UNNAMED,30.740318801200875
14122,Limestone Gorge Road,60,320192155,,track,UNNAMED,39.748696834031094
14122,Limestone Gorge Road,61,320192155,,track,UNNAMED,29.973509971307138
14122,Limestone Gorge Road,62,320192155,,track,UNNAMED,43.245776672391806
14122,Limestone Gorge Road,63,320192155,,track,UNNAMED,40.69114891469667
14122,Limestone Gorge Road,64,320192155,,track,UNNAMED,36.80676296551526
14122,Limestone Gorge Road,65,320192155,,track,UNNAMED,38.19456636750558
14122,Limestone Gorge Road,66,320192155,,track,UNNAMED,14.746396169956286
14122,Limestone Gorge Road,67,320192155,,track,UNNAMED,20.119197300014182
14122,Limestone Gorge Road,68,320192155,,track,UNNAMED,23.03816398945964
14122,Limestone Gorge Road,69,320192155,,track,UNNAMED,29.59660115621076
14122,Limestone Gorge Road,70,320192155,,track,UNNAMED,40.78000122609444
14122,Limestone Gorge Road,71,320192155,,track,UNNAMED,19.163767896733003
14122,Limestone Gorge Road,72,320192155,,track,UNNAMED,42.982681396109164
14122,Limestone Gorge Road,73,320192155,,track,UNNAMED,4.630129587839062
14122,Limestone Gorge Road,74,320192155,,track,UNNAMED,5.07897627478896
14122,Limestone Gorge Road,75,320192155,,track,UNNAMED,14.86073013008486
14122,Limestone Gorge Road,76,320192155,,track,UNNAMED,25.197668542966447
14122,Limestone Gorge Road,77,320192155,,track,UNNAMED,6.423239058216095
14122,Limestone Gorge Road,78,320192155,,track,UNNAMED,0.7907591290642586
14673,Gorrie / Dry River Road,1,328269276,Gorrie Dry River Road,unclassified,TARGET,34.951949874053646
14673,Gorrie / Dry River Road,2,328269276,Gorrie Dry River Road,unclassified,TARGET,225.79322952650855
14673,Gorrie / Dry River Road,3,328269276,Gorrie Dry River Road,unclassified,TARGET,237.26916360963946
14673,Gorrie / Dry River Road,4,328269276,Gorrie Dry River Road,unclassified,TARGET,208.30391090898468
14673,Gorrie / Dry River Road,5,328269276,Gorrie Dry River Road,unclassified,TARGET,1053.6133108973513
14673,Gorrie / Dry River Road,6,328269276,Gorrie Dry River Road,unclassified,TARGET,552.1668737799575
14673,Gorrie / Dry River Road,7,328269276,Gorrie Dry River Road,unclassified,TARGET,18.116768475706607
14673,Gorrie / Dry River Road,8,328269276,Gorrie Dry River Road,unclassified,TARGET,1069.568980711388
14673,Gorrie / Dry River Road,9,328269276,Gorrie Dry River Road,unclassified,TARGET,228.32250984082398
14673,Gorrie / Dry River Road,10,328269276,Gorrie Dry River Road,unclassified,TARGET,561.2745407551204
14673,Gorrie / Dry River Road,11,328269276,Gorrie Dry River Road,unclassified,TARGET,534.5682352142035
14673,Gorrie / Dry River Road,12,328269276,Gorrie Dry River Road,unclassified,TARGET,801.32988494136
14673,Gorrie / Dry River Road,13,328269276,Gorrie Dry River Road,unclassified,TARGET,1033.5055219977476
14673,Gorrie / Dry River Road,14,328269276,Gorrie Dry River Road,unclassified,TARGET,281.129830505429
14673,Gorrie / Dry River Road,15,328269276,Gorrie Dry River Road,unclassified,TARGET,105.7354481713922
14673,Gorrie / Dry River Road,16,328269276,Gorrie Dry River Road,unclassified,TARGET,205.17363427113386
14673,Gorrie / Dry River Road,17,328269276,Gorrie Dry River Road,unclassified,TARGET,1149.4984405817013
14673,Gorrie / Dry River Road,18,328269276,Gorrie Dry River Road,unclassified,TARGET,607.6801188125746
14673,Gorrie / Dry River Road,19,328269276,Gorrie Dry River Road,unclassified,TARGET,785.0551155173432
14673,Gorrie / Dry River Road,20,328269276,Gorrie Dry River Road,unclassified,TARGET,653.2017398935051
14673,Gorrie / Dry River Road,21,328269276,Gorrie Dry River Road,unclassified,TARGET,961.6137892627231
14673,Gorrie / Dry River Road,22,328269276,Gorrie Dry River Road,unclassified,TARGET,894.7789440974069
14673,Gorrie / Dry River Road,23,328269276,Gorrie Dry River Road,unclassified,TARGET,41.14709467256781
14673,Gorrie / Dry River Road,24,328269276,Gorrie Dry River Road,unclassified,TARGET,1084.3551515071645
14673,Gorrie / Dry River Road,25,328269276,Gorrie Dry River Road,unclassified,TARGET,920.6126267328643
14673,Gorrie / Dry River Road,26,328269276,Gorrie Dry River Road,unclassified,TARGET,970.6480468222494
14673,Gorrie / Dry River Road,27,328269276,Gorrie Dry River Road,unclassified,TARGET,699.8444527894321
14859,Dundee Road,1,371371873,Fog Bay Road,unclassified,OTHER,4.807546151598516
14859,Dundee Road,2,371369416,Dundee Road,unclassified,TARGET,68.32781644391213
14859,Dundee Road,3,371369416,Dundee Road,unclassified,TARGET,73.89530431628053
14859,Dundee Road,4,371369416,Dundee Road,unclassified,TARGET,42.779580409427986
14859,Dundee Road,5,371369416,Dundee Road,unclassified,TARGET,43.93098450980071
14859,Dundee Road,6,371369416,Dundee Road,unclassified,TARGET,27.6344169470548
14859,Dundee Road,7,371369416,Dundee Road,unclassified,TARGET,44.07605245461666
14859,Dundee Road,8,371369416,Dundee Road,unclassified,TARGET,44.95267066612101
14859,Dundee Road,9,371369416,Dundee Road,unclassified,TARGET,35.99539970596253
14859,Dundee Road,10,371369416,Dundee Road,unclassified,TARGET,32.396025990855364
14859,Dundee Road,11,371369416,Dundee Road,unclassified,TARGET,43.12194916745543
14859,Dundee Road,12,371369416,Dundee Road,unclassified,TARGET,53.463155537229966
14859,Dundee Road,13,371369416,Dundee Road,unclassified,TARGET,44.80313493493829
14859,Dundee Road,14,371369416,Dundee Road,unclassified,TARGET,50.53114386195447
14859,Dundee Road,15,371369416,Dundee Road,unclassified,TARGET,49.624772039814864
14859,Dundee Road,16,371369416,Dundee Road,unclassified,TARGET,329.9880085700765
14859,Dundee Road,17,371369416,Dundee Road,unclassified,TARGET,129.13896778268722
14859,Dundee Road,18,371369416,Dundee Road,unclassified,TARGET,82.90490033770487
14859,Dundee Road,19,371369416,Dundee Road,unclassified,TARGET,79.71231335247698
14859,Dundee Road,20,371369416,Dundee Road,unclassified,TARGET,103.52159291664923
14859,Dundee Road,21,371369416,Dundee Road,unclassified,TARGET,100.76140729455209
14859,Dundee Road,22,371369416,Dundee Road,unclassified,TARGET,87.9474126965967
14859,Dundee Road,23,371369416,Dundee Road,unclassified,TARGET,55.54140887653536
14859,Dundee Road,24,371369416,Dundee Road,unclassified,TARGET,421.1953893385871
14859,Dundee Road,25,371369416,Dundee Road,unclassified,TARGET,644.8783731061222
14859,Dundee Road,26,371369416,Dundee Road,unclassified,TARGET,81.95061500677258
14859,Dundee Road,27,371369416,Dundee Road,unclassified,TARGET,104.42132780228393
14859,Dundee Road,28,371369416,Dundee Road,unclassified,TARGET,92.48141975561278
14859,Dundee Road,29,371369416,Dundee Road,unclassified,TARGET,69.79942191735684
14859,Dundee Road,30,371369416,Dundee Road,unclassified,TARGET,73.18574519661718
14859,Dundee Road,31,371369416,Dundee Road,unclassified,TARGET,100.71301653708211
14859,Dundee Road,32,371369416,Dundee Road,unclassified,TARGET,91.63671152990894
14859,Dundee Road,33,371369416,Dundee Road,unclassified,TARGET,299.71392126501894
14859,Dundee Road,34,371369416,Dundee Road,unclassified,TARGET,620.6228211238964
14859,Dundee Road,35,371369416,Dundee Road,unclassified,TARGET,166.0021108300723
14859,Dundee Road,36,371369416,Dundee Road,unclassified,TARGET,202.42527238461864
14859,Dundee Road,37,371369416,Dundee Road,unclassified,TARGET,122.28367348098875
14859,Dundee Road,38,371369416,Dundee Road,unclassified,TARGET,153.20764275964106
14859,Dundee Road,39,371369416,Dundee Road,unclassified,TARGET,81.39952088322386
14859,Dundee Road,40,371369416,Dundee Road,unclassified,TARGET,94.95171088501318
14859,Dundee Road,41,371369416,Dundee Road,unclassified,TARGET,85.33132191646325
14859,Dundee Road,42,371369416,Dundee Road,unclassified,TARGET,84.34817603250804
14859,Dundee Road,43,371369416,Dundee Road,unclassified,TARGET,118.10380391840208
14859,Dundee Road,44,371369416,Dundee Road,unclassified,TARGET,217.95401808632613
14859,Dundee Road,45,371369416,Dundee Road,unclassified,TARGET,140.69309329182312
14859,Dundee Road,46,371369416,Dundee Road,unclassified,TARGET,87.11485120227721
14859,Dundee Road,47,371369416,Dundee Road,unclassified,TARGET,111.83654009312974
14859,Dundee Road,48,371369416,Dundee Road,unclassified,TARGET,74.86003272762093
14859,Dundee Road,49,371369416,Dundee Road,unclassified,TARGET,130.4055006508068
14859,Dundee Road,50,371369416,Dundee Road,unclassified,TARGET,339.4671721980473
15137,Santa Teresa Road,1,93255081,Old Andado Track (Binns Track),tertiary,OTHER,77.25267956524601
15137,Santa Teresa Road,2,93255081,Old Andado Track (Binns Track),tertiary,OTHER,72.35952252498184
15137,Santa Teresa Road,3,93255081,Old Andado Track (Binns Track),tertiary,OTHER,146.21135728796554
15137,Santa Teresa Road,4,93255081,Old Andado Track (Binns Track),tertiary,OTHER,212.1198552706633
15137,Santa Teresa Road,5,93255081,Old Andado Track (Binns Track),tertiary,OTHER,103.53227950730978
15137,Santa Teresa Road,6,93255081,Old Andado Track (Binns Track),tertiary,OTHER,68.13935793638093
15137,Santa Teresa Road,7,93255081,Old Andado Track (Binns Track),tertiary,OTHER,33.962239325425536
15137,Santa Teresa Road,8,93255081,Old Andado Track (Binns Track),tertiary,OTHER,67.31372668323525
15137,Santa Teresa Road,9,93255081,Old Andado Track (Binns Track),tertiary,OTHER,137.9001047862963
15137,Santa Teresa Road,10,93255081,Old Andado Track (Binns Track),tertiary,OTHER,105.48665602796876
15137,Santa Teresa Road,11,93255081,Old Andado Track (Binns Track),tertiary,OTHER,69.06383206860401
15137,Santa Teresa Road,12,93255081,Old Andado Track (Binns Track),tertiary,OTHER,67.35909218500949
15137,Santa Teresa Road,13,93255081,Old Andado Track (Binns Track),tertiary,OTHER,32.752062530521066
15137,Santa Teresa Road,14,93255081,Old Andado Track (Binns Track),tertiary,OTHER,63.168825380956875
15137,Santa Teresa Road,15,93255081,Old Andado Track (Binns Track),tertiary,OTHER,58.36211528036946
15137,Santa Teresa Road,16,93255081,Old Andado Track (Binns Track),tertiary,OTHER,29.276333445295023
15137,Santa Teresa Road,17,93255081,Old Andado Track (Binns Track),tertiary,OTHER,29.805261280508326
15137,Santa Teresa Road,18,93255081,Old Andado Track (Binns Track),tertiary,OTHER,31.5169874829295
15137,Santa Teresa Road,19,93255081,Old Andado Track (Binns Track),tertiary,OTHER,65.32202232017565
15137,Santa Teresa Road,20,93255081,Old Andado Track (Binns Track),tertiary,OTHER,64.95399602791576
15137,Santa Teresa Road,21,93255081,Old Andado Track (Binns Track),tertiary,OTHER,136.42512415241615
15137,Santa Teresa Road,22,93255081,Old Andado Track (Binns Track),tertiary,OTHER,132.23289530222794
15137,Santa Teresa Road,23,93255081,Old Andado Track (Binns Track),tertiary,OTHER,30.599589866494895
15137,Santa Teresa Road,24,93255081,Old Andado Track (Binns Track),tertiary,OTHER,28.99996034479751
15137,Santa Teresa Road,25,93255081,Old Andado Track (Binns Track),tertiary,OTHER,125.72793046888478
15137,Santa Teresa Road,26,93255081,Old Andado Track (Binns Track),tertiary,OTHER,67.90777864133929
15137,Santa Teresa Road,27,93255081,Old Andado Track (Binns Track),tertiary,OTHER,168.67015147912588
15137,Santa Teresa Road,28,93255081,Old Andado Track (Binns Track),tertiary,OTHER,120.60557864380773
15137,Santa Teresa Road,29,93255081,Old Andado Track (Binns Track),tertiary,OTHER,26.254751950824343
15137,Santa Teresa Road,30,93255081,Old Andado Track (Binns Track),tertiary,OTHER,24.514199966562956
15137,Santa Teresa Road,31,93255081,Old Andado Track (Binns Track),tertiary,OTHER,26.166619957395078
15137,Santa Teresa Road,32,93255081,Old Andado Track (Binns Track),tertiary,OTHER,28.68150972336671
15137,Santa Teresa Road,33,93255081,Old Andado Track (Binns Track),tertiary,OTHER,28.61489297541758
15137,Santa Teresa Road,34,93255081,Old Andado Track (Binns Track),tertiary,OTHER,29.875695807752557
15137,Santa Teresa Road,35,93255081,Old Andado Track (Binns Track),tertiary,OTHER,31.40855456726404
15137,Santa Teresa Road,36,354797712,Old Andado Track (Binns Track),tertiary,OTHER,138.75614653039392
15137,Santa Teresa Road,37,354797712,Old Andado Track (Binns Track),tertiary,OTHER,212.42245385074676
15137,Santa Teresa Road,38,354797712,Old Andado Track (Binns Track),tertiary,OTHER,100.56114209791698
15137,Santa Teresa Road,39,354797712,Old Andado Track (Binns Track),tertiary,OTHER,101.68782227980793
15137,Santa Teresa Road,40,354797712,Old Andado Track (Binns Track),tertiary,OTHER,818.5864108325034
15137,Santa Teresa Road,41,354797712,Old Andado Track (Binns Track),tertiary,OTHER,30.14979436106768
15137,Santa Teresa Road,42,354797712,Old Andado Track (Binns Track),tertiary,OTHER,29.9569724768004
15137,Santa Teresa Road,43,354797712,Old Andado Track (Binns Track),tertiary,OTHER,82.68254592134963
15137,Santa Teresa Road,44,354797712,Old Andado Track (Binns Track),tertiary,OTHER,78.56661950205049
15137,Santa Teresa Road,45,354797712,Old Andado Track (Binns Track),tertiary,OTHER,123.76973862797786
15137,Santa Teresa Road,46,354797712,Old Andado Track (Binns Track),tertiary,OTHER,135.70329767537024
15137,Santa Teresa Road,47,354797712,Old Andado Track (Binns Track),tertiary,OTHER,96.36510675574333
15137,Santa Teresa Road,48,354797712,Old Andado Track (Binns Track),tertiary,OTHER,219.35374284470552
15137,Santa Teresa Road,49,354797712,Old Andado Track (Binns Track),tertiary,OTHER,162.797718043015
15137,Santa Teresa Road,50,354797712,Old Andado Track (Binns Track),tertiary,OTHER,284.2757147556802
15137,Santa Teresa Road,51,354797712,Old Andado Track (Binns Track),tertiary,OTHER,57.68750731319557
15137,Santa Teresa Road,52,354797712,Old Andado Track (Binns Track),tertiary,OTHER,206.43755956721236
15137,Santa Teresa Road,53,354797712,Old Andado Track (Binns Track),tertiary,OTHER,136.31685038875162
15137,Santa Teresa Road,54,354797712,Old Andado Track (Binns Track),tertiary,OTHER,64.94363171254717
15137,Santa Teresa Road,55,354797712,Old Andado Track (Binns Track),tertiary,OTHER,17.042846006410286
15137,Santa Teresa Road,56,354797712,Old Andado Track (Binns Track),tertiary,OTHER,20.52713813487363
15137,Santa Teresa Road,57,354797712,Old Andado Track (Binns Track),tertiary,OTHER,26.023470175902073
15137,Santa Teresa Road,58,354797712,Old Andado Track (Binns Track),tertiary,OTHER,376.9666852652165
15137,Santa Teresa Road,59,354797712,Old Andado Track (Binns Track),tertiary,OTHER,269.93257028397267
15137,Santa Teresa Road,60,93520371,,track,UNNAMED,112.11757087974644
15137,Santa Teresa Road,61,93520371,,track,UNNAMED,499.2010578915155
15137,Santa Teresa Road,62,93520371,,track,UNNAMED,256.68802796407766
15137,Santa Teresa Road,63,93520371,,track,UNNAMED,209.7150745653059
15137,Santa Teresa Road,64,93520371,,track,UNNAMED,342.0490128622376
15137,Santa Teresa Road,65,93520371,,track,UNNAMED,119.10742252258578
15137,Santa Teresa Road,66,93520371,,track,UNNAMED,103.73269590645752
15137,Santa Teresa Road,67,93520371,,track,UNNAMED,73.32222037010297
15137,Santa Teresa Road,68,93520371,,track,UNNAMED,117.36300694853476
15137,Santa Teresa Road,69,93520371,,track,UNNAMED,32.987035332038076
15137,Santa Teresa Road,70,93520371,,track,UNNAMED,46.76689961929771
15137,Santa Teresa Road,71,93520371,,track,UNNAMED,25.95365870158683
15137,Santa Teresa Road,72,93520371,,track,UNNAMED,87.009246635047
15137,Santa Teresa Road,73,93520371,,track,UNNAMED,145.13838396505705
15137,Santa Teresa Road,74,93520371,,track,UNNAMED,138.67852789833626
15137,Santa Teresa Road,75,93520371,,track,UNNAMED,209.0944882103704
15137,Santa Teresa Road,76,93520371,,track,UNNAMED,91.97997445092687
15137,Santa Teresa Road,77,93520371,,track,UNNAMED,46.35668775931155
15137,Santa Teresa Road,78,93520371,,track,UNNAMED,40.75132635865616
15137,Santa Teresa Road,79,93520371,,track,UNNAMED,86.99024830404107
15137,Santa Teresa Road,80,93520371,,track,UNNAMED,50.375099007318894
15137,Santa Teresa Road,81,93520371,,track,UNNAMED,48.650765667175946
15137,Santa Teresa Road,82,93520371,,track,UNNAMED,142.21850020308335
15137,Santa Teresa Road,83,93520371,,track,UNNAMED,40.9606494088483
15137,Santa Teresa Road,84,93520371,,track,UNNAMED,96.86688804747827
15137,Santa Teresa Road,85,93520371,,track,UNNAMED,57.71975485049004
15137,Santa Teresa Road,86,93520371,,track,UNNAMED,119.17489668541808
15137,Santa Teresa Road,87,93520371,,track,UNNAMED,97.19070428801582
15137,Santa Teresa Road,88,93520371,,track,UNNAMED,57.53667526027092
15137,Santa Teresa Road,89,93520371,,track,UNNAMED,40.2948383790116
15137,Santa Teresa Road,90,93520371,,track,UNNAMED,54.82335998479153
15137,Santa Teresa Road,91,93520371,,track,UNNAMED,73.53562673957985
15137,Santa Teresa Road,92,93520371,,track,UNNAMED,93.75107999378017
15137,Santa Teresa Road,93,93520371,,track,UNNAMED,126.36568402850769
15137,Santa Teresa Road,94,93520371,,track,UNNAMED,269.0658798509728
15137,Santa Teresa Road,95,93520371,,track,UNNAMED,83.77471277186478
15137,Santa Teresa Road,96,93520371,,track,UNNAMED,105.99437956797364
15137,Santa Teresa Road,97,93520371,,track,UNNAMED,100.42308549333458
15137,Santa Teresa Road,98,93520371,,track,UNNAMED,106.92399403313667
15137,Santa Teresa Road,99,93520371,,track,UNNAMED,85.31941162476767
15137,Santa Teresa Road,100,93520371,,track,UNNAMED,183.40409619198803
15137,Santa Teresa Road,101,93520371,,track,UNNAMED,166.0008144559264
15137,Santa Teresa Road,102,93520371,,track,UNNAMED,71.33089372773433
15137,Santa Teresa Road,103,93520371,,track,UNNAMED,58.32045353047939
15137,Santa Teresa Road,104,93520371,,track,UNNAMED,70.40403752619218
15137,Santa Teresa Road,105,93520371,,track,UNNAMED,50.16254578872737
15137,Santa Teresa Road,106,93520371,,track,UNNAMED,93.91889799185772
15137,Santa Teresa Road,107,93520371,,track,UNNAMED,183.9329551766196
15137,Santa Teresa Road,108,93520371,,track,UNNAMED,293.71636181859907
15137,Santa Teresa Road,109,93520371,,track,UNNAMED,49.25710913166126
15137,Santa Teresa Road,110,93520371,,track,UNNAMED,67.95011184654243
15137,Santa Teresa Road,111,93520371,,track,UNNAMED,68.71530033417146
15137,Santa Teresa Road,112,93520371,,track,UNNAMED,234.02056148980304
15137,Santa Teresa Road,113,93520371,,track,UNNAMED,131.89062931085735
15137,Santa Teresa Road,114,93520371,,track,UNNAMED,75.33138588931041
15137,Santa Teresa Road,115,93520371,,track,UNNAMED,213.62208219177546
15137,Santa Teresa Road,116,93520371,,track,UNNAMED,185.46639210367945
15137,Santa Teresa Road,117,93520371,,track,UNNAMED,533.0025062792245
15137,Santa Teresa Road,118,93520371,,track,UNNAMED,444.98661755197173
15137,Santa Teresa Road,119,93520371,,track,UNNAMED,515.3130816306971
15137,Santa Teresa Road,120,93520371,,track,UNNAMED,237.9557322278078
15137,Santa Teresa Road,121,93520371,,track,UNNAMED,398.3703653637452
15137,Santa Teresa Road,122,93520371,,track,UNNAMED,111.36426715962351
15137,Santa Teresa Road,123,93520371,,track,UNNAMED,59.80411775089852
15137,Santa Teresa Road,124,93520371,,track,UNNAMED,155.76353905841046
15137,Santa Teresa Road,125,93520371,,track,UNNAMED,308.5907978214337
15137,Santa Teresa Road,126,93520371,,track,UNNAMED,45.78143947074658
15137,Santa Teresa Road,127,93520371,,track,UNNAMED,125.61745300718827
15137,Santa Teresa Road,128,93520371,,track,UNNAMED,301.0028704181702
15137,Santa Teresa Road,129,93520371,,track,UNNAMED,96.04661888891404
15137,Santa Teresa Road,130,93520371,,track,UNNAMED,127.30038884456012
15137,Santa Teresa Road,131,93520371,,track,UNNAMED,116.21308015870233
15137,Santa Teresa Road,132,93520371,,track,UNNAMED,309.88083274079605
15137,Santa Teresa Road,133,93520371,,track,UNNAMED,157.0117970091232
15137,Santa Teresa Road,134,93520371,,track,UNNAMED,218.33074955219763
15137,Santa Teresa Road,135,93520371,,track,UNNAMED,93.73307847267816
15137,Santa Teresa Road,136,93520371,,track,UNNAMED,155.2183110976644
15137,Santa Teresa Road,137,93520371,,track,UNNAMED,208.396201740549
15137,Santa Teresa Road,138,93520371,,track,UNNAMED,122.49347941847024
15137,Santa Teresa Road,139,93520371,,track,UNNAMED,200.6084489744479
15137,Santa Teresa Road,140,93520371,,track,UNNAMED,97.34610264417324
15137,Santa Teresa Road,141,93520371,,track,UNNAMED,131.2196940250845
15137,Santa Teresa Road,142,93520371,,track,UNNAMED,128.51920089995951
15137,Santa Teresa Road,143,93520371,,track,UNNAMED,213.5940778673401
15137,Santa Teresa Road,144,93520371,,track,UNNAMED,233.19762455941208
15137,Santa Teresa Road,145,93520371,,track,UNNAMED,292.03260930902064
15137,Santa Teresa Road,146,93520371,,track,UNNAMED,592.0737880536049
15137,Santa Teresa Road,147,93520371,,track,UNNAMED,347.70040106373017
15137,Santa Teresa Road,148,93520371,,track,UNNAMED,613.1518515017508
15137,Santa Teresa Road,149,93520371,,track,UNNAMED,265.97427319199375
15137,Santa Teresa Road,150,93520371,,track,UNNAMED,306.69188838322737
15137,Santa Teresa Road,151,93520371,,track,UNNAMED,187.89496001733363
15137,Santa Teresa Road,152,93520371,,track,UNNAMED,201.81202268455183
15137,Santa Teresa Road,153,93520371,,track,UNNAMED,164.63239292446937
15137,Santa Teresa Road,154,93520371,,track,UNNAMED,186.57791964775606
15137,Santa Teresa Road,155,93520371,,track,UNNAMED,149.700222110553
15137,Santa Teresa Road,156,93520371,,track,UNNAMED,525.138872680548
15137,Santa Teresa Road,157,93520371,,track,UNNAMED,160.21271141784965
15137,Santa Teresa Road,158,93520371,,track,UNNAMED,344.17586856166764
15137,Santa Teresa Road,159,93520371,,track,UNNAMED,298.3218056058061
15137,Santa Teresa Road,160,93520371,,track,UNNAMED,190.53918284714254
15137,Santa Teresa Road,161,93520371,,track,UNNAMED,163.2056068276139
15137,Santa Teresa Road,162,93520371,,track,UNNAMED,235.02091183550306
15137,Santa Teresa Road,163,93520371,,track,UNNAMED,250.04428827700477
15137,Santa Teresa Road,164,93520371,,track,UNNAMED,407.02148260283553
15137,Santa Teresa Road,165,93520371,,track,UNNAMED,60.24227253359049
15137,Santa Teresa Road,166,93520371,,track,UNNAMED,319.450642509772
15137,Santa Teresa Road,167,93520371,,track,UNNAMED,44.69412936846544
15137,Santa Teresa Road,168,93520371,,track,UNNAMED,132.4822346579109
15137,Santa Teresa Road,169,93520371,,track,UNNAMED,1112.2261642309943
15137,Santa Teresa Road,170,93520371,,track,UNNAMED,886.8745415786755
15137,Santa Teresa Road,171,93520371,,track,UNNAMED,990.8730948006184
15137,Santa Teresa Road,172,93520371,,track,UNNAMED,902.2441731594951
15137,Santa Teresa Road,173,93520371,,track,UNNAMED,482.8093706629157
15137,Santa Teresa Road,174,93520371,,track,UNNAMED,555.3263355000344
15137,Santa Teresa Road,175,93520371,,track,UNNAMED,178.37581254198972
15137,Santa Teresa Road,176,93520371,,track,UNNAMED,235.6365551013333
15137,Santa Teresa Road,177,93520371,,track,UNNAMED,251.31736191494787
15137,Santa Teresa Road,178,93520371,,track,UNNAMED,103.33227617765431
15137,Santa Teresa Road,179,93520371,,track,UNNAMED,182.4426403009582
15137,Santa Teresa Road,180,93520371,,track,UNNAMED,130.79783637361376
15137,Santa Teresa Road,181,93520371,,track,UNNAMED,91.95085263343374
15137,Santa Teresa Road,182,93520371,,track,UNNAMED,148.21563345329687
15137,Santa Teresa Road,183,93520371,,track,UNNAMED,112.95806035860375
15137,Santa Teresa Road,184,93520371,,track,UNNAMED,103.72421559124246
15137,Santa Teresa Road,185,93520371,,track,UNNAMED,54.94841671972877
15137,Santa Teresa Road,186,93520371,,track,UNNAMED,34.05793886883194
15137,Santa Teresa Road,187,93520371,,track,UNNAMED,41.15264268555868
15137,Santa Teresa Road,188,93520371,,track,UNNAMED,96.03434802196291
15137,Santa Teresa Road,189,93520371,,track,UNNAMED,122.16228550551301
15137,Santa Teresa Road,190,93520371,,track,UNNAMED,146.95883777471286
15137,Santa Teresa Road,191,93520371,,track,UNNAMED,121.4515178989072
15137,Santa Teresa Road,192,93520371,,track,UNNAMED,181.6284493134643
15137,Santa Teresa Road,193,93520371,,track,UNNAMED,151.31238713337189
15137,Santa Teresa Road,194,93520371,,track,UNNAMED,168.73069697014682
15137,Santa Teresa Road,195,93520371,,track,UNNAMED,138.63142536967004
15137,Santa Teresa Road,196,93520371,,track,UNNAMED,92.51594565249464
15137,Santa Teresa Road,197,93520371,,track,UNNAMED,101.88014232421742
15137,Santa Teresa Road,198,93520371,,track,UNNAMED,37.25218517063944
15137,Santa Teresa Road,199,93520371,,track,UNNAMED,94.45933992983063
15137,Santa Teresa Road,200,93520371,,track,UNNAMED,130.7829843674484
15137,Santa Teresa Road,201,93520371,,track,UNNAMED,316.42834007096167
15137,Santa Teresa Road,202,93520371,,track,UNNAMED,139.06457672608124
15137,Santa Teresa Road,203,93520371,,track,UNNAMED,399.65524868291925
15137,Santa Teresa Road,204,93520371,,track,UNNAMED,24.80032257871429
15137,Santa Teresa Road,205,93520371,,track,UNNAMED,111.82597238548041
15137,Santa Teresa Road,206,93520371,,track,UNNAMED,20.18698838384785
15137,Santa Teresa Road,207,93520371,,track,UNNAMED,28.790234455370115
15137,Santa Teresa Road,208,93519744,,track,UNNAMED,464.64766737815694
15137,Santa Teresa Road,209,93519744,,track,UNNAMED,680.8485426289819
15137,Santa Teresa Road,210,93519744,,track,UNNAMED,743.4740375427745
15137,Santa Teresa Road,211,93519744,,track,UNNAMED,1003.5187473086474
15137,Santa Teresa Road,212,93519744,,track,UNNAMED,1077.5571040552397
15137,Santa Teresa Road,213,93519744,,track,UNNAMED,1037.980103951908
15137,Santa Teresa Road,214,93519744,,track,UNNAMED,679.5053793017156
15137,Santa Teresa Road,215,93519744,,track,UNNAMED,199.27126937918572
15137,Santa Teresa Road,216,93519744,,track,UNNAMED,429.6997934605208
15137,Santa Teresa Road,217,93519744,,track,UNNAMED,542.1955522687264
15137,Santa Teresa Road,218,93519744,,track,UNNAMED,399.5930816468803
15137,Santa Teresa Road,219,93519744,,track,UNNAMED,495.8466288077252
15137,Santa Teresa Road,220,93519744,,track,UNNAMED,527.0547654655868
15137,Santa Teresa Road,221,93519744,,track,UNNAMED,573.857482829952
15137,Santa Teresa Road,222,93519468,,unclassified,UNNAMED,287.9572537722006
15137,Santa Teresa Road,223,93519468,,unclassified,UNNAMED,320.12241986470696
15137,Santa Teresa Road,224,93519468,,unclassified,UNNAMED,56.416512653628885
15137,Santa Teresa Road,225,93519468,,unclassified,UNNAMED,70.64363028617845
15137,Santa Teresa Road,226,93519468,,unclassified,UNNAMED,117.10433723837231
15137,Santa Teresa Road,227,93519468,,unclassified,UNNAMED,125.67378127488824
15137,Santa Teresa Road,228,93519468,,unclassified,UNNAMED,694.6339416555744
15137,Santa Teresa Road,229,93519468,,unclassified,UNNAMED,525.1836193181539
15137,Santa Teresa Road,230,93519468,,unclassified,UNNAMED,158.80935236946604
15137,Santa Teresa Road,231,354808594,,unclassified,UNNAMED,478.3275333910246
15137,Santa Teresa Road,232,354808594,,unclassified,UNNAMED,31.34210107827321
15137,Santa Teresa Road,233,354808594,,unclassified,UNNAMED,75.43969313314928
15137,Santa Teresa Road,234,93517495,,track,UNNAMED,171.7921913246706
15137,Santa Teresa Road,235,93517495,,track,UNNAMED,92.22217141193498
15137,Santa Teresa Road,236,93517495,,track,UNNAMED,40.779486264671924
15137,Santa Teresa Road,237,93517495,,track,UNNAMED,34.981652334047915
15137,Santa Teresa Road,238,93517495,,track,UNNAMED,49.22646137974588
15137,Santa Teresa Road,239,93517495,,track,UNNAMED,203.28416564034958
15137,Santa Teresa Road,240,93517495,,track,UNNAMED,41.18912113631176
15137,Santa Teresa Road,241,93257904,Old Andado Track,tertiary,OTHER,18.33686178171364
15137,Santa Teresa Road,242,93257904,Old Andado Track,tertiary,OTHER,18.11585217421859
15137,Santa Teresa Road,243,93257904,Old Andado Track,tertiary,OTHER,13.85339308618704
15137,Santa Teresa Road,244,93257904,Old Andado Track,tertiary,OTHER,17.0708464933703
15137,Santa Teresa Road,245,93257904,Old Andado Track,tertiary,OTHER,17.211673364342836
15137,Santa Teresa Road,246,93257904,Old Andado Track,tertiary,OTHER,44.93743428366416
15137,Santa Teresa Road,247,93257904,Old Andado Track,tertiary,OTHER,319.84581441691057
15137,Santa Teresa Road,248,93257904,Old Andado Track,tertiary,OTHER,42.40181599884656
15137,Santa Teresa Road,249,93257904,Old Andado Track,tertiary,OTHER,34.006146503251905
15137,Santa Teresa Road,250,93257904,Old Andado Track,tertiary,OTHER,21.311724472671887
15137,Santa Teresa Road,251,93257904,Old Andado Track,tertiary,OTHER,20.711291606299593
15137,Santa Teresa Road,252,93257904,Old Andado Track,tertiary,OTHER,19.064700364796078
15137,Santa Teresa Road,253,93257904,Old Andado Track,tertiary,OTHER,28.412057299751638
15137,Santa Teresa Road,254,93257904,Old Andado Track,tertiary,OTHER,50.63232268007433
15137,Santa Teresa Road,255,93259174,,track_grade4,UNNAMED,93.67259791407642
15137,Santa Teresa Road,256,93259174,,track_grade4,UNNAMED,84.81715451483917
15137,Santa Teresa Road,257,93259174,,track_grade4,UNNAMED,74.72807036182887
15137,Santa Teresa Road,258,93259174,,track_grade4,UNNAMED,117.4519518781765
15137,Santa Teresa Road,259,93259174,,track_grade4,UNNAMED,176.2834050612996
15137,Santa Teresa Road,260,93259174,,track_grade4,UNNAMED,407.19892190429226
15137,Santa Teresa Road,261,93259174,,track_grade4,UNNAMED,391.53929687834886
15137,Santa Teresa Road,262,93259174,,track_grade4,UNNAMED,39.979037006885555
15370,Buscall Avenue,1,1369081838,Roystonea Avenue,secondary,OTHER,0.3471310992377013
15370,Buscall Avenue,2,1369081838,Roystonea Avenue,secondary,OTHER,2.005841469260671
15370,Buscall Avenue,3,4716035,Buscall Avenue,tertiary,TARGET,5.360195891907759
15370,Buscall Avenue,4,4716035,Buscall Avenue,tertiary,TARGET,7.941895239849405
15370,Buscall Avenue,5,4716035,Buscall Avenue,tertiary,TARGET,6.001616448919852
15370,Buscall Avenue,6,4716035,Buscall Avenue,tertiary,TARGET,173.88192574269377
15370,Buscall Avenue,7,4716035,Buscall Avenue,tertiary,TARGET,40.63724523145031
15370,Buscall Avenue,8,4716035,Buscall Avenue,tertiary,TARGET,10.128775839178685
15370,Buscall Avenue,9,4716035,Buscall Avenue,tertiary,TARGET,13.634074959444424
15370,Buscall Avenue,10,4716035,Buscall Avenue,tertiary,TARGET,6.192721534203491
15370,Buscall Avenue,11,4716035,Buscall Avenue,tertiary,TARGET,6.59037176492822
15370,Buscall Avenue,12,4716035,Buscall Avenue,tertiary,TARGET,3.9616789370095478
15370,Buscall Avenue,13,4716035,Buscall Avenue,tertiary,TARGET,4.689530893403046
15370,Buscall Avenue,14,4716035,Buscall Avenue,tertiary,TARGET,6.890471681947748
15370,Buscall Avenue,15,4716035,Buscall Avenue,tertiary,TARGET,6.01003327777073
15370,Buscall Avenue,16,468258691,,tertiary,UNNAMED,2.316246964357414
15370,Buscall Avenue,17,468258691,,tertiary,UNNAMED,4.101426581140838
15370,Buscall Avenue,18,468258691,,tertiary,UNNAMED,4.127105523221846
15370,Buscall Avenue,19,468258691,,tertiary,UNNAMED,4.123505789986988
15370,Buscall Avenue,20,468258691,,tertiary,UNNAMED,4.121613761614277
15370,Buscall Avenue,21,468258691,,tertiary,UNNAMED,4.070393101485856
15370,Buscall Avenue,22,468258691,,tertiary,UNNAMED,0.808084153899534
15370,Buscall Avenue,23,468258691,,tertiary,UNNAMED,0.8062257748699246
15370,Buscall Avenue,24,4716036,Buscall Avenue,tertiary,TARGET,16.725911036463284
15370,Buscall Avenue,25,4716036,Buscall Avenue,tertiary,TARGET,5.040079364488081
15370,Buscall Avenue,26,4716036,Buscall Avenue,tertiary,TARGET,1.6719449751683964
15372,Wishart Road,1,1281156129,Wishart Road,secondary,TARGET,1.92210821754824
15372,Wishart Road,2,1281156129,Wishart Road,secondary,TARGET,26.49190442380149
15372,Wishart Road,3,1281156129,Wishart Road,secondary,TARGET,27.99423154865787
15372,Wishart Road,4,1281156129,Wishart Road,secondary,TARGET,23.68294111804124
15372,Wishart Road,5,1281156129,Wishart Road,secondary,TARGET,34.04511271825767
15372,Wishart Road,6,1281156129,Wishart Road,secondary,TARGET,31.06309868639299
15372,Wishart Road,7,1281156129,Wishart Road,secondary,TARGET,57.840834191761665
15372,Wishart Road,8,1281156129,Wishart Road,secondary,TARGET,46.972209869260354
15372,Wishart Road,9,1281156129,Wishart Road,secondary,TARGET,4.724457640823767
15372,Wishart Road,10,1281156129,Wishart Road,secondary,TARGET,147.8781173805225
15372,Wishart Road,11,1281156129,Wishart Road,secondary,TARGET,119.55520984048033
15372,Wishart Road,12,455250102,Wishart Road,secondary,TARGET,18.3890456522078
15372,Wishart Road,13,455250101,Wishart Road,secondary,TARGET,70.98701289672547
15372,Wishart Road,14,455250101,Wishart Road,secondary,TARGET,69.56715101255045
15372,Wishart Road,15,550631718,Wishart Road,secondary,TARGET,134.83166467855946
15372,Wishart Road,16,976552448,Wishart Road,secondary,TARGET,15.145600021119494
15372,Wishart Road,17,976552448,Wishart Road,secondary,TARGET,35.475154686069644
15372,Wishart Road,18,976552448,Wishart Road,secondary,TARGET,92.28028012528421
15372,Wishart Road,19,364730413,Wishart Road,secondary,TARGET,58.695847382957545
15372,Wishart Road,20,364730413,Wishart Road,secondary,TARGET,13.969112355435337
15372,Wishart Road,21,976552443,Wishart Road,secondary,TARGET,14.796557031987453
15372,Wishart Road,22,549489791,Wishart Road,secondary,TARGET,10.482561709801574
15372,Wishart Road,23,549489791,Wishart Road,secondary,TARGET,17.77324393579657
15372,Wishart Road,24,549489791,Wishart Road,secondary,TARGET,2.4532631330075416
15417,Sandover Highway,1,174644417,Sandover Highway,secondary,TARGET,66.25053056384381
15417,Sandover Highway,2,174644417,Sandover Highway,secondary,TARGET,68.13393060728738
15417,Sandover Highway,3,174644417,Sandover Highway,secondary,TARGET,1216.9744393371411
15417,Sandover Highway,4,174644417,Sandover Highway,secondary,TARGET,797.7543051591496
15417,Sandover Highway,5,174644417,Sandover Highway,secondary,TARGET,580.6065319991246
15417,Sandover Highway,6,174644417,Sandover Highway,secondary,TARGET,2120.3684314758502
15417,Sandover Highway,7,174644417,Sandover Highway,secondary,TARGET,550.173313875059
15417,Sandover Highway,8,174644417,Sandover Highway,secondary,TARGET,204.62199906157792
15417,Sandover Highway,9,174644417,Sandover Highway,secondary,TARGET,147.20428016872717
15417,Sandover Highway,10,174644417,Sandover Highway,secondary,TARGET,143.14751133010498
15417,Sandover Highway,11,174644417,Sandover Highway,secondary,TARGET,228.35165162531618
15417,Sandover Highway,12,174644417,Sandover Highway,secondary,TARGET,3066.172118619578
15417,Sandover Highway,13,174644417,Sandover Highway,secondary,TARGET,2128.588185864037
15417,Sandover Highway,14,174644417,Sandover Highway,secondary,TARGET,1143.4743637266247
15417,Sandover Highway,15,174644417,Sandover Highway,secondary,TARGET,571.7912536931839
15417,Sandover Highway,16,174644417,Sandover Highway,secondary,TARGET,189.48692514258548
15417,Sandover Highway,17,174644417,Sandover Highway,secondary,TARGET,147.5581471827299
15417,Sandover Highway,18,174644417,Sandover Highway,secondary,TARGET,124.82907433763599
15417,Sandover Highway,19,174644417,Sandover Highway,secondary,TARGET,105.28022843821758
15417,Sandover Highway,20,174644417,Sandover Highway,secondary,TARGET,814.8206992952637
15417,Sandover Highway,21,174644417,Sandover Highway,secondary,TARGET,595.2533330439719
15417,Sandover Highway,22,174644417,Sandover Highway,secondary,TARGET,591.6197036948296
15417,Sandover Highway,23,174644417,Sandover Highway,secondary,TARGET,277.3119662042303
15417,Sandover Highway,24,174644417,Sandover Highway,secondary,TARGET,442.19374577206867
15417,Sandover Highway,25,174644417,Sandover Highway,secondary,TARGET,38.873170696563925
15417,Sandover Highway,26,174644417,Sandover Highway,secondary,TARGET,32.97487073513866
15417,Sandover Highway,27,174644417,Sandover Highway,secondary,TARGET,773.7808963783456
15417,Sandover Highway,28,174644417,Sandover Highway,secondary,TARGET,397.0090332724922
15417,Sandover Highway,29,174644417,Sandover Highway,secondary,TARGET,266.8001463642134
15417,Sandover Highway,30,174644417,Sandover Highway,secondary,TARGET,210.1738968093758
15417,Sandover Highway,31,174644417,Sandover Highway,secondary,TARGET,477.91669002035115
15417,Sandover Highway,32,174644417,Sandover Highway,secondary,TARGET,236.0390071577629
15417,Sandover Highway,33,174644417,Sandover Highway,secondary,TARGET,59.27447764414354
15417,Sandover Highway,34,174644417,Sandover Highway,secondary,TARGET,56.688793425223245
15417,Sandover Highway,35,174644417,Sandover Highway,secondary,TARGET,67.57002959886027
15417,Sandover Highway,36,174644417,Sandover Highway,secondary,TARGET,115.14532773853792
15417,Sandover Highway,37,174644417,Sandover Highway,secondary,TARGET,630.7967505464802
15417,Sandover Highway,38,174644417,Sandover Highway,secondary,TARGET,634.8228855358216
15417,Sandover Highway,39,174644417,Sandover Highway,secondary,TARGET,1318.3528476094223
15417,Sandover Highway,40,174644417,Sandover Highway,secondary,TARGET,811.1990814837128
15417,Sandover Highway,41,174644417,Sandover Highway,secondary,TARGET,471.4975309585745
15417,Sandover Highway,42,174644417,Sandover Highway,secondary,TARGET,345.67063224980603
15417,Sandover Highway,43,174644417,Sandover Highway,secondary,TARGET,73.6844657984058
15417,Sandover Highway,44,174644417,Sandover Highway,secondary,TARGET,99.55451421203993
15417,Sandover Highway,45,174644417,Sandover Highway,secondary,TARGET,107.18043944689119
15417,Sandover Highway,46,174644417,Sandover Highway,secondary,TARGET,304.18766066361127
15417,Sandover Highway,47,174644417,Sandover Highway,secondary,TARGET,362.0937736276978
15417,Sandover Highway,48,174644417,Sandover Highway,secondary,TARGET,415.60135562809677
15417,Sandover Highway,49,174644417,Sandover Highway,secondary,TARGET,336.6971156693767
15417,Sandover Highway,50,174644417,Sandover Highway,secondary,TARGET,327.20016045217494
15417,Sandover Highway,51,174644417,Sandover Highway,secondary,TARGET,345.7680981526758
15417,Sandover Highway,52,174644417,Sandover Highway,secondary,TARGET,183.7263492261759
15417,Sandover Highway,53,174644417,Sandover Highway,secondary,TARGET,377.3301113083877
15417,Sandover Highway,54,174644417,Sandover Highway,secondary,TARGET,444.8430851434036
15417,Sandover Highway,55,174644417,Sandover Highway,secondary,TARGET,256.88397711806505
15417,Sandover Highway,56,174644417,Sandover Highway,secondary,TARGET,277.22423739644114
15417,Sandover Highway,57,174644417,Sandover Highway,secondary,TARGET,153.6316350886792
15417,Sandover Highway,58,174644417,Sandover Highway,secondary,TARGET,194.204058917381
15417,Sandover Highway,59,174644417,Sandover Highway,secondary,TARGET,232.13841582127944
15417,Sandover Highway,60,174644417,Sandover Highway,secondary,TARGET,198.84405573209884
15417,Sandover Highway,61,174644417,Sandover Highway,secondary,TARGET,247.45432568449954
15417,Sandover Highway,62,174644417,Sandover Highway,secondary,TARGET,127.16257311018825
15417,Sandover Highway,63,174644417,Sandover Highway,secondary,TARGET,77.19639175510304
15417,Sandover Highway,64,174644417,Sandover Highway,secondary,TARGET,85.01939661042564
15417,Sandover Highway,65,174644417,Sandover Highway,secondary,TARGET,102.31862489302956
15417,Sandover Highway,66,174644417,Sandover Highway,secondary,TARGET,103.66229835384944
15417,Sandover Highway,67,174644417,Sandover Highway,secondary,TARGET,733.4694835506075
15417,Sandover Highway,68,174644417,Sandover Highway,secondary,TARGET,605.1453875722231
15417,Sandover Highway,69,174644417,Sandover Highway,secondary,TARGET,288.94607420767886
15417,Sandover Highway,70,174644417,Sandover Highway,secondary,TARGET,113.0038871012334
15417,Sandover Highway,71,174644417,Sandover Highway,secondary,TARGET,715.3145680747983
15417,Sandover Highway,72,174644417,Sandover Highway,secondary,TARGET,769.0434511131115
15417,Sandover Highway,73,174644417,Sandover Highway,secondary,TARGET,952.8654568720787
15417,Sandover Highway,74,174644417,Sandover Highway,secondary,TARGET,711.7913539795005
15417,Sandover Highway,75,174644417,Sandover Highway,secondary,TARGET,518.547170949752
15417,Sandover Highway,76,174644417,Sandover Highway,secondary,TARGET,892.9646411812856
15417,Sandover Highway,77,174644417,Sandover Highway,secondary,TARGET,114.6427023407965
15417,Sandover Highway,78,174644417,Sandover Highway,secondary,TARGET,116.2342333393956
15417,Sandover Highway,79,174644417,Sandover Highway,secondary,TARGET,104.68267526204043
15417,Sandover Highway,80,174644417,Sandover Highway,secondary,TARGET,108.8992497678376
15417,Sandover Highway,81,174644417,Sandover Highway,secondary,TARGET,662.4476411006647
15417,Sandover Highway,82,174644417,Sandover Highway,secondary,TARGET,329.0663101869866
15417,Sandover Highway,83,174644417,Sandover Highway,secondary,TARGET,347.838066490614
15417,Sandover Highway,84,174644417,Sandover Highway,secondary,TARGET,974.6049842372038
15417,Sandover Highway,85,174644417,Sandover Highway,secondary,TARGET,101.15443242887851
15417,Sandover Highway,86,174644417,Sandover Highway,secondary,TARGET,133.38983844355369
15417,Sandover Highway,87,174644417,Sandover Highway,secondary,TARGET,149.83296866843875
15417,Sandover Highway,88,174644417,Sandover Highway,secondary,TARGET,222.42173275109866
15417,Sandover Highway,89,174644417,Sandover Highway,secondary,TARGET,256.28831889109694
15417,Sandover Highway,90,174644417,Sandover Highway,secondary,TARGET,1432.653000031717
15417,Sandover Highway,91,174644417,Sandover Highway,secondary,TARGET,247.75724671535363
15417,Sandover Highway,92,174644417,Sandover Highway,secondary,TARGET,352.1970848829099
15417,Sandover Highway,93,174644417,Sandover Highway,secondary,TARGET,368.0475084822802
15417,Sandover Highway,94,174644417,Sandover Highway,secondary,TARGET,186.16266140126874
15417,Sandover Highway,95,174644417,Sandover Highway,secondary,TARGET,88.66548652099708
15417,Sandover Highway,96,174644417,Sandover Highway,secondary,TARGET,91.33516573580098
15417,Sandover Highway,97,174644417,Sandover Highway,secondary,TARGET,82.14121012020188
15417,Sandover Highway,98,174644417,Sandover Highway,secondary,TARGET,82.37986404455482
15417,Sandover Highway,99,174644417,Sandover Highway,secondary,TARGET,63.89969092254675
15417,Sandover Highway,100,174644417,Sandover Highway,secondary,TARGET,71.30529994332107
15417,Sandover Highway,101,174644417,Sandover Highway,secondary,TARGET,139.05629147942088
15417,Sandover Highway,102,174644417,Sandover Highway,secondary,TARGET,607.5323703308013
15417,Sandover Highway,103,174644417,Sandover Highway,secondary,TARGET,475.42287239888515
15417,Sandover Highway,104,174644417,Sandover Highway,secondary,TARGET,1048.9165017294624
15417,Sandover Highway,105,174644417,Sandover Highway,secondary,TARGET,59.38782114207526
15417,Sandover Highway,106,174644417,Sandover Highway,secondary,TARGET,36.8855527273084
15417,Sandover Highway,107,174644417,Sandover Highway,secondary,TARGET,44.0106009953285
15417,Sandover Highway,108,174644417,Sandover Highway,secondary,TARGET,173.5458455281029
15417,Sandover Highway,109,174644417,Sandover Highway,secondary,TARGET,115.12331866292446
15417,Sandover Highway,110,174644417,Sandover Highway,secondary,TARGET,52.94121362430225
15417,Sandover Highway,111,174644417,Sandover Highway,secondary,TARGET,197.08712641872052
15417,Sandover Highway,112,174644417,Sandover Highway,secondary,TARGET,122.70058272068226
15417,Sandover Highway,113,174644417,Sandover Highway,secondary,TARGET,76.69946609985898
15417,Sandover Highway,114,174644417,Sandover Highway,secondary,TARGET,45.10974728366348
15417,Sandover Highway,115,174644417,Sandover Highway,secondary,TARGET,49.58352246467662
15417,Sandover Highway,116,174644417,Sandover Highway,secondary,TARGET,79.37138023242076
15417,Sandover Highway,117,174644417,Sandover Highway,secondary,TARGET,130.36377756104864
15417,Sandover Highway,118,174644417,Sandover Highway,secondary,TARGET,95.40340088289486
15417,Sandover Highway,119,174644417,Sandover Highway,secondary,TARGET,84.5147679402196
15417,Sandover Highway,120,174644417,Sandover Highway,secondary,TARGET,49.02879358091339
15417,Sandover Highway,121,174644417,Sandover Highway,secondary,TARGET,46.574484430874584
15417,Sandover Highway,122,174644417,Sandover Highway,secondary,TARGET,977.0554441278525
15417,Sandover Highway,123,174644417,Sandover Highway,secondary,TARGET,65.8975325790023
15417,Sandover Highway,124,174644417,Sandover Highway,secondary,TARGET,59.57273285653664
15417,Sandover Highway,125,174644417,Sandover Highway,secondary,TARGET,56.88926260735619
15417,Sandover Highway,126,174644417,Sandover Highway,secondary,TARGET,67.10220935259308
15417,Sandover Highway,127,174644417,Sandover Highway,secondary,TARGET,537.2345097811939
15417,Sandover Highway,128,174644417,Sandover Highway,secondary,TARGET,193.66166399176015
15417,Sandover Highway,129,174644417,Sandover Highway,secondary,TARGET,186.4639975972332
15417,Sandover Highway,130,174644417,Sandover Highway,secondary,TARGET,130.56458401895048
15417,Sandover Highway,131,174644417,Sandover Highway,secondary,TARGET,68.56385709675094
15417,Sandover Highway,132,174644417,Sandover Highway,secondary,TARGET,81.11269321123854
15417,Sandover Highway,133,174644417,Sandover Highway,secondary,TARGET,479.2071415371075
15417,Sandover Highway,134,174644417,Sandover Highway,secondary,TARGET,743.3605803378185
15417,Sandover Highway,135,174644417,Sandover Highway,secondary,TARGET,531.5574715868169
15417,Sandover Highway,136,174644417,Sandover Highway,secondary,TARGET,540.2732920478359
15417,Sandover Highway,137,174644417,Sandover Highway,secondary,TARGET,335.7411219971789
15417,Sandover Highway,138,174644417,Sandover Highway,secondary,TARGET,109.28852547260269
15417,Sandover Highway,139,174644417,Sandover Highway,secondary,TARGET,125.30485904380461
15417,Sandover Highway,140,174644417,Sandover Highway,secondary,TARGET,2106.2314441677627
15417,Sandover Highway,141,174644417,Sandover Highway,secondary,TARGET,1100.8088347209698
15417,Sandover Highway,142,174644417,Sandover Highway,secondary,TARGET,536.739905820443
15417,Sandover Highway,143,174644417,Sandover Highway,secondary,TARGET,365.505676152688
15417,Sandover Highway,144,174644417,Sandover Highway,secondary,TARGET,74.69809636140478
15417,Sandover Highway,145,174644417,Sandover Highway,secondary,TARGET,49.724321011043344
15417,Sandover Highway,146,174644417,Sandover Highway,secondary,TARGET,47.81181966818594
15417,Sandover Highway,147,174644417,Sandover Highway,secondary,TARGET,494.20858632770074
15417,Sandover Highway,148,174644417,Sandover Highway,secondary,TARGET,364.44605307239203
15417,Sandover Highway,149,174644417,Sandover Highway,secondary,TARGET,1182.9177710220217
15417,Sandover Highway,150,174644417,Sandover Highway,secondary,TARGET,864.5942917347121
15417,Sandover Highway,151,174644417,Sandover Highway,secondary,TARGET,118.52757485082716
15417,Sandover Highway,152,174644417,Sandover Highway,secondary,TARGET,146.81479830028726
15417,Sandover Highway,153,174644417,Sandover Highway,secondary,TARGET,178.28821862370464
15417,Sandover Highway,154,174644417,Sandover Highway,secondary,TARGET,184.01106542798567
15417,Sandover Highway,155,174644417,Sandover Highway,secondary,TARGET,103.67200441785215
15417,Sandover Highway,156,174644417,Sandover Highway,secondary,TARGET,61.6546786545239
15417,Sandover Highway,157,174644417,Sandover Highway,secondary,TARGET,42.16533647438018
15417,Sandover Highway,158,174644417,Sandover Highway,secondary,TARGET,104.88505803978131
15417,Sandover Highway,159,174644417,Sandover Highway,secondary,TARGET,75.67679961529208
15417,Sandover Highway,160,174644417,Sandover Highway,secondary,TARGET,75.69751515077449
15417,Sandover Highway,161,174644417,Sandover Highway,secondary,TARGET,858.8475260487234
15417,Sandover Highway,162,174644417,Sandover Highway,secondary,TARGET,64.63980275338854
15417,Sandover Highway,163,174644417,Sandover Highway,secondary,TARGET,139.613571331749
15417,Sandover Highway,164,174644417,Sandover Highway,secondary,TARGET,156.5786856503273
15417,Sandover Highway,165,174644417,Sandover Highway,secondary,TARGET,845.3906269294046
15417,Sandover Highway,166,174644417,Sandover Highway,secondary,TARGET,424.291187747254
15417,Sandover Highway,167,174644417,Sandover Highway,secondary,TARGET,208.44151313978182
15417,Sandover Highway,168,174644417,Sandover Highway,secondary,TARGET,218.28048607244662
15417,Sandover Highway,169,174644417,Sandover Highway,secondary,TARGET,3309.718826199473
15417,Sandover Highway,170,174644417,Sandover Highway,secondary,TARGET,330.33886556081575
15417,Sandover Highway,171,174644417,Sandover Highway,secondary,TARGET,330.09158759354693
15417,Sandover Highway,172,174644417,Sandover Highway,secondary,TARGET,554.0422106662988
15417,Sandover Highway,173,174644417,Sandover Highway,secondary,TARGET,1027.4312551699313
15417,Sandover Highway,174,174644417,Sandover Highway,secondary,TARGET,793.2936962436746
15417,Sandover Highway,175,174644417,Sandover Highway,secondary,TARGET,405.3513129373
15417,Sandover Highway,176,174644417,Sandover Highway,secondary,TARGET,392.62703740317704
15417,Sandover Highway,177,174644417,Sandover Highway,secondary,TARGET,3348.7187419667944
15417,Sandover Highway,178,174644417,Sandover Highway,secondary,TARGET,100.4477600547175
15417,Sandover Highway,179,174644417,Sandover Highway,secondary,TARGET,285.26135735497917
15417,Sandover Highway,180,174644417,Sandover Highway,secondary,TARGET,51.19966601453645
15417,Sandover Highway,181,174644417,Sandover Highway,secondary,TARGET,45.94309959067414
15417,Sandover Highway,182,174644417,Sandover Highway,secondary,TARGET,80.92876003006364
15417,Sandover Highway,183,174644417,Sandover Highway,secondary,TARGET,123.39626615093944
15417,Sandover Highway,184,174644417,Sandover Highway,secondary,TARGET,88.15009075439079
15417,Sandover Highway,185,174644417,Sandover Highway,secondary,TARGET,35.752685213801975
15417,Sandover Highway,186,174644417,Sandover Highway,secondary,TARGET,72.54120622106504
15417,Sandover Highway,187,174644417,Sandover Highway,secondary,TARGET,107.7364009979868
15417,Sandover Highway,188,174644417,Sandover Highway,secondary,TARGET,76.59303688976878
15417,Sandover Highway,189,174644417,Sandover Highway,secondary,TARGET,56.114993540055345
15417,Sandover Highway,190,174644417,Sandover Highway,secondary,TARGET,38.71109014224703
15417,Sandover Highway,191,174644417,Sandover Highway,secondary,TARGET,45.143932039667156
15417,Sandover Highway,192,174644417,Sandover Highway,secondary,TARGET,87.19491842993979
15417,Sandover Highway,193,174644417,Sandover Highway,secondary,TARGET,139.37478251090897
15417,Sandover Highway,194,174644417,Sandover Highway,secondary,TARGET,208.9785455496141
15417,Sandover Highway,195,174644417,Sandover Highway,secondary,TARGET,211.41484361324922
15417,Sandover Highway,196,174644417,Sandover Highway,secondary,TARGET,350.60212563529865
15417,Sandover Highway,197,174644417,Sandover Highway,secondary,TARGET,80.18003741564904
15417,Sandover Highway,198,174644417,Sandover Highway,secondary,TARGET,101.70108406511828
15417,Sandover Highway,199,174644417,Sandover Highway,secondary,TARGET,267.56583507615244
15417,Sandover Highway,200,174644417,Sandover Highway,secondary,TARGET,173.36082054484194
15417,Sandover Highway,201,174644417,Sandover Highway,secondary,TARGET,77.6320719806309
15417,Sandover Highway,202,174644417,Sandover Highway,secondary,TARGET,85.09373890016127
15417,Sandover Highway,203,174644417,Sandover Highway,secondary,TARGET,58.36335579789681
15417,Sandover Highway,204,174644417,Sandover Highway,secondary,TARGET,54.32078883817239
15417,Sandover Highway,205,174644417,Sandover Highway,secondary,TARGET,200.38154106595692
15417,Sandover Highway,206,174644417,Sandover Highway,secondary,TARGET,202.56224845729704
15417,Sandover Highway,207,174644417,Sandover Highway,secondary,TARGET,779.1643228484984
15417,Sandover Highway,208,174644417,Sandover Highway,secondary,TARGET,63.62094780809227
15417,Sandover Highway,209,174644417,Sandover Highway,secondary,TARGET,52.178942112636676
15417,Sandover Highway,210,174644417,Sandover Highway,secondary,TARGET,369.7304354527333
15417,Sandover Highway,211,174644417,Sandover Highway,secondary,TARGET,64.10768206681148
15417,Sandover Highway,212,174644417,Sandover Highway,secondary,TARGET,41.170587802582595
15417,Sandover Highway,213,174644417,Sandover Highway,secondary,TARGET,32.64270975271949
15417,Sandover Highway,214,174644417,Sandover Highway,secondary,TARGET,26.83450018158549
15417,Sandover Highway,215,174644417,Sandover Highway,secondary,TARGET,39.426440366947446
15417,Sandover Highway,216,174644417,Sandover Highway,secondary,TARGET,61.9336580543251
15417,Sandover Highway,217,174644417,Sandover Highway,secondary,TARGET,32.98129318268046
15417,Sandover Highway,218,174644417,Sandover Highway,secondary,TARGET,1374.2451058307793
15417,Sandover Highway,219,174644417,Sandover Highway,secondary,TARGET,481.36267429038935
15417,Sandover Highway,220,174644417,Sandover Highway,secondary,TARGET,103.77386376160426
15417,Sandover Highway,221,174644417,Sandover Highway,secondary,TARGET,69.33183179463207
15417,Sandover Highway,222,174644417,Sandover Highway,secondary,TARGET,24.73457701279505
15417,Sandover Highway,223,174644417,Sandover Highway,secondary,TARGET,31.150000000009943
15417,Sandover Highway,224,174644417,Sandover Highway,secondary,TARGET,43.43336160142746
15417,Sandover Highway,225,174644417,Sandover Highway,secondary,TARGET,41.15886295793078
15417,Sandover Highway,226,174644417,Sandover Highway,secondary,TARGET,121.94029891718489
15417,Sandover Highway,227,174644417,Sandover Highway,secondary,TARGET,89.05779022633739
15417,Sandover Highway,228,174644417,Sandover Highway,secondary,TARGET,101.50560821957525
15417,Sandover Highway,229,174644417,Sandover Highway,secondary,TARGET,97.33362060457361
15417,Sandover Highway,230,174644417,Sandover Highway,secondary,TARGET,56.19256623419326
15417,Sandover Highway,231,174644417,Sandover Highway,secondary,TARGET,63.69399500751546
15417,Sandover Highway,232,174644417,Sandover Highway,secondary,TARGET,50.26437505818331
15417,Sandover Highway,233,174644417,Sandover Highway,secondary,TARGET,58.34999571551041
15417,Sandover Highway,234,174644417,Sandover Highway,secondary,TARGET,37.38254271723431
15417,Sandover Highway,235,174644417,Sandover Highway,secondary,TARGET,51.66528912135985
15417,Sandover Highway,236,174644417,Sandover Highway,secondary,TARGET,68.0131825457883
15417,Sandover Highway,237,174644417,Sandover Highway,secondary,TARGET,69.65683096436011
15417,Sandover Highway,238,174644417,Sandover Highway,secondary,TARGET,93.70559695129975
15417,Sandover Highway,239,174644417,Sandover Highway,secondary,TARGET,70.66195935581469
15417,Sandover Highway,240,174644417,Sandover Highway,secondary,TARGET,29.040471759208067
15417,Sandover Highway,241,174644417,Sandover Highway,secondary,TARGET,48.61514373115512
15417,Sandover Highway,242,174644417,Sandover Highway,secondary,TARGET,105.23706618869342
15417,Sandover Highway,243,174644417,Sandover Highway,secondary,TARGET,325.19464955618963
15417,Sandover Highway,244,174644417,Sandover Highway,secondary,TARGET,149.31733790828324
15417,Sandover Highway,245,174644417,Sandover Highway,secondary,TARGET,158.81971445633258
15417,Sandover Highway,246,174644417,Sandover Highway,secondary,TARGET,366.5842442058724
15417,Sandover Highway,247,174644417,Sandover Highway,secondary,TARGET,350.7627216510249
15417,Sandover Highway,248,174644417,Sandover Highway,secondary,TARGET,562.6412430669695
15417,Sandover Highway,249,174644417,Sandover Highway,secondary,TARGET,57.13336415791276
15417,Sandover Highway,250,174644417,Sandover Highway,secondary,TARGET,355.80973075512094
15417,Sandover Highway,251,174644417,Sandover Highway,secondary,TARGET,1845.6544928290243
15417,Sandover Highway,252,174644417,Sandover Highway,secondary,TARGET,122.77421757031522
15417,Sandover Highway,253,174644417,Sandover Highway,secondary,TARGET,70.06884043570315
15417,Sandover Highway,254,174644417,Sandover Highway,secondary,TARGET,68.51844496185882
15417,Sandover Highway,255,174644417,Sandover Highway,secondary,TARGET,405.37745694602825
15417,Sandover Highway,256,174644417,Sandover Highway,secondary,TARGET,349.79185653761976
15417,Sandover Highway,257,174644417,Sandover Highway,secondary,TARGET,1158.8621406362001
15417,Sandover Highway,258,174644417,Sandover Highway,secondary,TARGET,219.2958652140409
15417,Sandover Highway,259,174644417,Sandover Highway,secondary,TARGET,136.97989816033987
15417,Sandover Highway,260,174644417,Sandover Highway,secondary,TARGET,61.20625621618654
15417,Sandover Highway,261,174644417,Sandover Highway,secondary,TARGET,60.46007691014585
15417,Sandover Highway,262,174644417,Sandover Highway,secondary,TARGET,1007.2183162056338
15417,Sandover Highway,263,174644417,Sandover Highway,secondary,TARGET,44.67812104374811
15417,Sandover Highway,264,174644417,Sandover Highway,secondary,TARGET,42.07044687196848
15417,Sandover Highway,265,174644417,Sandover Highway,secondary,TARGET,50.21359377690004
15417,Sandover Highway,266,174644417,Sandover Highway,secondary,TARGET,62.472122582815636
15417,Sandover Highway,267,174644417,Sandover Highway,secondary,TARGET,51.74271446299771
15417,Sandover Highway,268,174644417,Sandover Highway,secondary,TARGET,60.671945741031024
15417,Sandover Highway,269,174644417,Sandover Highway,secondary,TARGET,304.9802493605013
15417,Sandover Highway,270,174644417,Sandover Highway,secondary,TARGET,154.81503092400263
15417,Sandover Highway,271,174644417,Sandover Highway,secondary,TARGET,39.81761544843197
15417,Sandover Highway,272,174644417,Sandover Highway,secondary,TARGET,47.3244218137294
15417,Sandover Highway,273,174644417,Sandover Highway,secondary,TARGET,76.48640467425386
15417,Sandover Highway,274,174644417,Sandover Highway,secondary,TARGET,49.365731028785724
15417,Sandover Highway,275,174644417,Sandover Highway,secondary,TARGET,53.125305646210904
15417,Sandover Highway,276,174644417,Sandover Highway,secondary,TARGET,711.2700593303796
15417,Sandover Highway,277,174644417,Sandover Highway,secondary,TARGET,71.96826244953107
15417,Sandover Highway,278,174644417,Sandover Highway,secondary,TARGET,84.29572290459059
15417,Sandover Highway,279,174644417,Sandover Highway,secondary,TARGET,101.00188166557085
15417,Sandover Highway,280,174644417,Sandover Highway,secondary,TARGET,89.50604560588796
15417,Sandover Highway,281,174644417,Sandover Highway,secondary,TARGET,100.27714844370865
15417,Sandover Highway,282,174644417,Sandover Highway,secondary,TARGET,262.53485273388804
15417,Sandover Highway,283,174644417,Sandover Highway,secondary,TARGET,37.81452102040862
15417,Sandover Highway,284,174644417,Sandover Highway,secondary,TARGET,38.65869371816524
15417,Sandover Highway,285,174644417,Sandover Highway,secondary,TARGET,93.54105088143098
15417,Sandover Highway,286,174644417,Sandover Highway,secondary,TARGET,151.8598133148028
15417,Sandover Highway,287,174644417,Sandover Highway,secondary,TARGET,125.55018916753141
15417,Sandover Highway,288,174644417,Sandover Highway,secondary,TARGET,226.4808411323007
15417,Sandover Highway,289,174644417,Sandover Highway,secondary,TARGET,129.0098445856093
15417,Sandover Highway,290,174644417,Sandover Highway,secondary,TARGET,137.0438739966281
15417,Sandover Highway,291,174644417,Sandover Highway,secondary,TARGET,752.2406418826007
15417,Sandover Highway,292,174644417,Sandover Highway,secondary,TARGET,656.896395179663
15417,Sandover Highway,293,174644417,Sandover Highway,secondary,TARGET,712.6806427145181
15417,Sandover Highway,294,174644417,Sandover Highway,secondary,TARGET,713.7404491830105
15417,Sandover Highway,295,174644417,Sandover Highway,secondary,TARGET,903.660607307876
15417,Sandover Highway,296,174644417,Sandover Highway,secondary,TARGET,138.61076004410364
15417,Sandover Highway,297,174644417,Sandover Highway,secondary,TARGET,307.32309675648816
15417,Sandover Highway,298,174644417,Sandover Highway,secondary,TARGET,407.182018389785
15417,Sandover Highway,299,174644417,Sandover Highway,secondary,TARGET,638.7259582951368
15417,Sandover Highway,300,174644417,Sandover Highway,secondary,TARGET,156.13000992757964
15417,Sandover Highway,301,174644417,Sandover Highway,secondary,TARGET,256.0518238560319
15417,Sandover Highway,302,174644417,Sandover Highway,secondary,TARGET,236.35511862454072
15417,Sandover Highway,303,174644417,Sandover Highway,secondary,TARGET,194.2498146716839
15417,Sandover Highway,304,174644417,Sandover Highway,secondary,TARGET,148.08143198930523
15417,Sandover Highway,305,174644417,Sandover Highway,secondary,TARGET,528.9646359634879
15417,Sandover Highway,306,174644417,Sandover Highway,secondary,TARGET,1672.7774955743514
15417,Sandover Highway,307,174644417,Sandover Highway,secondary,TARGET,991.0715991289568
15417,Sandover Highway,308,174644417,Sandover Highway,secondary,TARGET,484.6413785470541
15417,Sandover Highway,309,174644417,Sandover Highway,secondary,TARGET,642.0748835610744
15417,Sandover Highway,310,174644417,Sandover Highway,secondary,TARGET,455.6720193297323
15417,Sandover Highway,311,174644417,Sandover Highway,secondary,TARGET,285.62309430434726
15417,Sandover Highway,312,174644417,Sandover Highway,secondary,TARGET,154.49643944116545
15417,Sandover Highway,313,174644417,Sandover Highway,secondary,TARGET,4143.078333666932
15417,Sandover Highway,314,174644417,Sandover Highway,secondary,TARGET,368.4129772415934
15417,Sandover Highway,315,174644417,Sandover Highway,secondary,TARGET,133.80137069550244
15417,Sandover Highway,316,174644417,Sandover Highway,secondary,TARGET,132.0556416818724
15417,Sandover Highway,317,174644417,Sandover Highway,secondary,TARGET,116.75830462965294
15417,Sandover Highway,318,174644417,Sandover Highway,secondary,TARGET,177.01167475614068
15417,Sandover Highway,319,174644417,Sandover Highway,secondary,TARGET,139.6158536843109
15417,Sandover Highway,320,174644417,Sandover Highway,secondary,TARGET,121.8587132707642
15417,Sandover Highway,321,174644417,Sandover Highway,secondary,TARGET,116.55909960200472
15417,Sandover Highway,322,174644417,Sandover Highway,secondary,TARGET,247.40940261016758
15417,Sandover Highway,323,174644417,Sandover Highway,secondary,TARGET,1037.1751617737102
15417,Sandover Highway,324,174644417,Sandover Highway,secondary,TARGET,724.7174928893864
15417,Sandover Highway,325,174644417,Sandover Highway,secondary,TARGET,681.3163671893257
15417,Sandover Highway,326,174644417,Sandover Highway,secondary,TARGET,302.2029175900099
15417,Sandover Highway,327,174644417,Sandover Highway,secondary,TARGET,5545.877377548038
15417,Sandover Highway,328,174644417,Sandover Highway,secondary,TARGET,1769.9204797110206
15417,Sandover Highway,329,174644417,Sandover Highway,secondary,TARGET,3508.236651268064
15417,Sandover Highway,330,174644417,Sandover Highway,secondary,TARGET,1841.9802077656093
15417,Sandover Highway,331,174644417,Sandover Highway,secondary,TARGET,770.1845493774326
15417,Sandover Highway,332,174644417,Sandover Highway,secondary,TARGET,894.9672083378107
15417,Sandover Highway,333,174644417,Sandover Highway,secondary,TARGET,215.77733546406174
15417,Sandover Highway,334,174644417,Sandover Highway,secondary,TARGET,7744.816130393313
15417,Sandover Highway,335,174644417,Sandover Highway,secondary,TARGET,599.1093026319483
15417,Sandover Highway,336,174644417,Sandover Highway,secondary,TARGET,979.766170062911
15417,Sandover Highway,337,174644417,Sandover Highway,secondary,TARGET,661.5878011270191
15417,Sandover Highway,338,174644417,Sandover Highway,secondary,TARGET,732.6615887979864
15417,Sandover Highway,339,174644417,Sandover Highway,secondary,TARGET,820.7206717270722
15417,Sandover Highway,340,174644417,Sandover Highway,secondary,TARGET,118.61430773731311
15417,Sandover Highway,341,174644417,Sandover Highway,secondary,TARGET,132.71513930219706
15417,Sandover Highway,342,174644417,Sandover Highway,secondary,TARGET,208.56356345240772
15417,Sandover Highway,343,174644417,Sandover Highway,secondary,TARGET,556.2154425220665
15417,Sandover Highway,344,174644417,Sandover Highway,secondary,TARGET,13821.857787884353
15417,Sandover Highway,345,174644417,Sandover Highway,secondary,TARGET,2717.7857708435804
15417,Sandover Highway,346,174644417,Sandover Highway,secondary,TARGET,152.0754766555319
15417,Sandover Highway,347,174644417,Sandover Highway,secondary,TARGET,199.78662342615175
15417,Sandover Highway,348,174644417,Sandover Highway,secondary,TARGET,48.6721696660504
15417,Sandover Highway,349,174644417,Sandover Highway,secondary,TARGET,24.021740153316056
15417,Sandover Highway,350,174644417,Sandover Highway,secondary,TARGET,38.48724723852268
15417,Sandover Highway,351,174644417,Sandover Highway,secondary,TARGET,88.16293609004222
15417,Sandover Highway,352,174644417,Sandover Highway,secondary,TARGET,185.88379649657645
15417,Sandover Highway,353,174644417,Sandover Highway,secondary,TARGET,230.20047024303068
15417,Sandover Highway,354,174644417,Sandover Highway,secondary,TARGET,169.84085845274586
15417,Sandover Highway,355,174644417,Sandover Highway,secondary,TARGET,325.90144399812164
15417,Sandover Highway,356,174644417,Sandover Highway,secondary,TARGET,196.49201917631666
15417,Sandover Highway,357,174644417,Sandover Highway,secondary,TARGET,174.6856290596276
15417,Sandover Highway,358,174644417,Sandover Highway,secondary,TARGET,149.4686753134371
15417,Sandover Highway,359,174644417,Sandover Highway,secondary,TARGET,104.2250339410833
15417,Sandover Highway,360,174644417,Sandover Highway,secondary,TARGET,146.95033855010513
15417,Sandover Highway,361,174644417,Sandover Highway,secondary,TARGET,918.7602927860167
15417,Sandover Highway,362,174644417,Sandover Highway,secondary,TARGET,527.6102662003702
15417,Sandover Highway,363,174644417,Sandover Highway,secondary,TARGET,1579.6882528522965
15417,Sandover Highway,364,174644417,Sandover Highway,secondary,TARGET,600.1408118933333
15417,Sandover Highway,365,174644417,Sandover Highway,secondary,TARGET,193.49573354475487
15417,Sandover Highway,366,174644417,Sandover Highway,secondary,TARGET,277.6757605553404
15417,Sandover Highway,367,174644417,Sandover Highway,secondary,TARGET,172.14770779793574
15417,Sandover Highway,368,174644417,Sandover Highway,secondary,TARGET,357.8376911390717
15417,Sandover Highway,369,174644417,Sandover Highway,secondary,TARGET,128.72340890482906
15417,Sandover Highway,370,174644417,Sandover Highway,secondary,TARGET,132.11896835782744
15417,Sandover Highway,371,174644417,Sandover Highway,secondary,TARGET,588.3537087501932
15417,Sandover Highway,372,174644417,Sandover Highway,secondary,TARGET,344.1356175985828
15417,Sandover Highway,373,174644417,Sandover Highway,secondary,TARGET,246.99253936112052
15417,Sandover Highway,374,174644417,Sandover Highway,secondary,TARGET,251.9238365063133
15417,Sandover Highway,375,174644417,Sandover Highway,secondary,TARGET,149.13954036388742
15417,Sandover Highway,376,174644417,Sandover Highway,secondary,TARGET,430.94275536318776
15417,Sandover Highway,377,174644417,Sandover Highway,secondary,TARGET,283.9391584476696
15417,Sandover Highway,378,174644417,Sandover Highway,secondary,TARGET,120.50255101027456
15417,Sandover Highway,379,174644417,Sandover Highway,secondary,TARGET,333.4134457398134
15417,Sandover Highway,380,174644417,Sandover Highway,secondary,TARGET,306.24625467085804
15417,Sandover Highway,381,174644417,Sandover Highway,secondary,TARGET,101.12481199005714
15417,Sandover Highway,382,174644417,Sandover Highway,secondary,TARGET,117.99102508239372
15417,Sandover Highway,383,174644417,Sandover Highway,secondary,TARGET,492.30348739384755
15417,Sandover Highway,384,174644417,Sandover Highway,secondary,TARGET,450.21784638090753
15417,Sandover Highway,385,174644417,Sandover Highway,secondary,TARGET,364.1208569966103
15417,Sandover Highway,386,174644417,Sandover Highway,secondary,TARGET,503.4880011480735
15417,Sandover Highway,387,174644417,Sandover Highway,secondary,TARGET,407.2462676317426
15417,Sandover Highway,388,174644417,Sandover Highway,secondary,TARGET,779.3606161463009
15417,Sandover Highway,389,174644417,Sandover Highway,secondary,TARGET,582.1614023620687
15417,Sandover Highway,390,174644417,Sandover Highway,secondary,TARGET,394.9341981898634
15417,Sandover Highway,391,174644417,Sandover Highway,secondary,TARGET,527.5861147718773
15417,Sandover Highway,392,174644417,Sandover Highway,secondary,TARGET,493.43339662008
15417,Sandover Highway,393,174644417,Sandover Highway,secondary,TARGET,1254.4494330184139
15417,Sandover Highway,394,174644417,Sandover Highway,secondary,TARGET,334.07320230752697
15417,Sandover Highway,395,174644417,Sandover Highway,secondary,TARGET,664.87765265477
15417,Sandover Highway,396,174644417,Sandover Highway,secondary,TARGET,604.8744012604501
15417,Sandover Highway,397,174644417,Sandover Highway,secondary,TARGET,445.2736180146886
15417,Sandover Highway,398,174644417,Sandover Highway,secondary,TARGET,386.9219793446543
15417,Sandover Highway,399,174644417,Sandover Highway,secondary,TARGET,290.5755120447192
15417,Sandover Highway,400,174644417,Sandover Highway,secondary,TARGET,364.9860679532951
15417,Sandover Highway,401,174644417,Sandover Highway,secondary,TARGET,524.6295154677505
15417,Sandover Highway,402,174644417,Sandover Highway,secondary,TARGET,331.95988311865733
15417,Sandover Highway,403,174644417,Sandover Highway,secondary,TARGET,294.6126976216115
15417,Sandover Highway,404,174644417,Sandover Highway,secondary,TARGET,170.7018151630239
15417,Sandover Highway,405,174644417,Sandover Highway,secondary,TARGET,171.63211121490068
15417,Sandover Highway,406,174644417,Sandover Highway,secondary,TARGET,3405.719701575464
15417,Sandover Highway,407,174644417,Sandover Highway,secondary,TARGET,1689.7657916410647
15417,Sandover Highway,408,174644417,Sandover Highway,secondary,TARGET,554.3556584900621
15417,Sandover Highway,409,174644417,Sandover Highway,secondary,TARGET,375.038568949899
15417,Sandover Highway,410,174644417,Sandover Highway,secondary,TARGET,413.8060252098649
15417,Sandover Highway,411,174644417,Sandover Highway,secondary,TARGET,1105.6869141398795
15417,Sandover Highway,412,174644417,Sandover Highway,secondary,TARGET,273.8169470651163
15417,Sandover Highway,413,174644417,Sandover Highway,secondary,TARGET,551.3896565041288
15417,Sandover Highway,414,174644417,Sandover Highway,secondary,TARGET,357.54715059708064
15417,Sandover Highway,415,174644417,Sandover Highway,secondary,TARGET,168.91408585416332
15417,Sandover Highway,416,174644417,Sandover Highway,secondary,TARGET,1621.6702046041019
15417,Sandover Highway,417,174644417,Sandover Highway,secondary,TARGET,48.3885575316679
15417,Sandover Highway,418,174644417,Sandover Highway,secondary,TARGET,771.05944861602
15417,Sandover Highway,419,174644417,Sandover Highway,secondary,TARGET,611.6270210675489
15417,Sandover Highway,420,174644417,Sandover Highway,secondary,TARGET,568.8218246516102
15417,Sandover Highway,421,174644417,Sandover Highway,secondary,TARGET,361.64327727732245
15417,Sandover Highway,422,174644417,Sandover Highway,secondary,TARGET,214.2639832076614
15417,Sandover Highway,423,174644417,Sandover Highway,secondary,TARGET,198.66531906720004
15417,Sandover Highway,424,174644417,Sandover Highway,secondary,TARGET,204.53662850441896
15417,Sandover Highway,425,174644417,Sandover Highway,secondary,TARGET,207.07640425684244
15417,Sandover Highway,426,174644417,Sandover Highway,secondary,TARGET,164.73047835792937
15417,Sandover Highway,427,174644417,Sandover Highway,secondary,TARGET,181.8723830053532
15417,Sandover Highway,428,174644417,Sandover Highway,secondary,TARGET,263.49432119110014
15417,Sandover Highway,429,174644417,Sandover Highway,secondary,TARGET,153.14506717491207
15417,Sandover Highway,430,174644417,Sandover Highway,secondary,TARGET,196.0174780473025
15417,Sandover Highway,431,174644417,Sandover Highway,secondary,TARGET,372.83988198680225
15417,Sandover Highway,432,174644417,Sandover Highway,secondary,TARGET,189.25018890341184
15417,Sandover Highway,433,174644417,Sandover Highway,secondary,TARGET,105.9305116575332
15417,Sandover Highway,434,174644417,Sandover Highway,secondary,TARGET,359.17809913742974
15417,Sandover Highway,435,174644417,Sandover Highway,secondary,TARGET,1689.5568295858118
15417,Sandover Highway,436,174644417,Sandover Highway,secondary,TARGET,240.78904833892548
15417,Sandover Highway,437,174644417,Sandover Highway,secondary,TARGET,280.57780329177865
15417,Sandover Highway,438,174644417,Sandover Highway,secondary,TARGET,279.06025335042335
15417,Sandover Highway,439,174644417,Sandover Highway,secondary,TARGET,245.44702585281667
15417,Sandover Highway,440,174644417,Sandover Highway,secondary,TARGET,199.3004455588751
15417,Sandover Highway,441,174644417,Sandover Highway,secondary,TARGET,324.2255403265636
15417,Sandover Highway,442,174644417,Sandover Highway,secondary,TARGET,120.55369467588365
15417,Sandover Highway,443,174644417,Sandover Highway,secondary,TARGET,217.31628747057542
15417,Sandover Highway,444,174644417,Sandover Highway,secondary,TARGET,968.1058754082804
15417,Sandover Highway,445,174644417,Sandover Highway,secondary,TARGET,1775.6819112102817
15417,Sandover Highway,446,174644417,Sandover Highway,secondary,TARGET,1037.3271268507362
15417,Sandover Highway,447,174644417,Sandover Highway,secondary,TARGET,191.6580757493638
15417,Sandover Highway,448,174644417,Sandover Highway,secondary,TARGET,440.51876066743256
15417,Sandover Highway,449,174644417,Sandover Highway,secondary,TARGET,513.4098211954313
15417,Sandover Highway,450,174644417,Sandover Highway,secondary,TARGET,521.7576918457131
15417,Sandover Highway,451,174644417,Sandover Highway,secondary,TARGET,580.1064627289154
15417,Sandover Highway,452,174644417,Sandover Highway,secondary,TARGET,645.5777798220637
15417,Sandover Highway,453,174644417,Sandover Highway,secondary,TARGET,826.7285379131324
15417,Sandover Highway,454,174644417,Sandover Highway,secondary,TARGET,1231.2716992201388
15417,Sandover Highway,455,174644417,Sandover Highway,secondary,TARGET,150.87126598509647
15417,Sandover Highway,456,174644417,Sandover Highway,secondary,TARGET,1105.0068400242317
15417,Sandover Highway,457,174644417,Sandover Highway,secondary,TARGET,1594.6264341531944
15417,Sandover Highway,458,174644417,Sandover Highway,secondary,TARGET,1424.0062566224344
15417,Sandover Highway,459,174644417,Sandover Highway,secondary,TARGET,220.88384639900076
15417,Sandover Highway,460,174644417,Sandover Highway,secondary,TARGET,230.93461520523044
15417,Sandover Highway,461,174644417,Sandover Highway,secondary,TARGET,800.3013528664947
15417,Sandover Highway,462,174644417,Sandover Highway,secondary,TARGET,390.55983574865235
15417,Sandover Highway,463,174644417,Sandover Highway,secondary,TARGET,391.6272802040406
15417,Sandover Highway,464,174644417,Sandover Highway,secondary,TARGET,529.2104047542201
15417,Sandover Highway,465,174644417,Sandover Highway,secondary,TARGET,370.0225447185599
15417,Sandover Highway,466,174644417,Sandover Highway,secondary,TARGET,382.0308348809397
15417,Sandover Highway,467,174644417,Sandover Highway,secondary,TARGET,536.0446855441352
15417,Sandover Highway,468,174644417,Sandover Highway,secondary,TARGET,415.0239436465353
15417,Sandover Highway,469,174644417,Sandover Highway,secondary,TARGET,487.75647407297714
15417,Sandover Highway,470,174644417,Sandover Highway,secondary,TARGET,515.203676423311
15417,Sandover Highway,471,174644417,Sandover Highway,secondary,TARGET,1484.681244745647
15417,Sandover Highway,472,174644417,Sandover Highway,secondary,TARGET,1481.8952813881137
15417,Sandover Highway,473,174644417,Sandover Highway,secondary,TARGET,305.763022780675
15417,Sandover Highway,474,174644417,Sandover Highway,secondary,TARGET,538.0170294702718
15417,Sandover Highway,475,174644417,Sandover Highway,secondary,TARGET,702.7877318222485
15417,Sandover Highway,476,174644417,Sandover Highway,secondary,TARGET,191.88513647507202
15417,Sandover Highway,477,174644417,Sandover Highway,secondary,TARGET,182.6607045862194
15417,Sandover Highway,478,174644417,Sandover Highway,secondary,TARGET,236.18114827397173
15417,Sandover Highway,479,174644417,Sandover Highway,secondary,TARGET,260.7373423582872
15417,Sandover Highway,480,174644417,Sandover Highway,secondary,TARGET,60.6486413697504
15417,Sandover Highway,481,174644417,Sandover Highway,secondary,TARGET,113.40595839729987
15417,Sandover Highway,482,174644417,Sandover Highway,secondary,TARGET,234.86806594326606
15417,Sandover Highway,483,174644417,Sandover Highway,secondary,TARGET,243.15629068561987
15417,Sandover Highway,484,174644417,Sandover Highway,secondary,TARGET,203.82960383635628
15417,Sandover Highway,485,174644417,Sandover Highway,secondary,TARGET,155.6542482556066
15417,Sandover Highway,486,174644417,Sandover Highway,secondary,TARGET,165.73428764125467
15417,Sandover Highway,487,174644417,Sandover Highway,secondary,TARGET,343.6211812447373
15417,Sandover Highway,488,174644417,Sandover Highway,secondary,TARGET,299.24658811743154
15417,Sandover Highway,489,174644417,Sandover Highway,secondary,TARGET,582.5116531883185
15417,Sandover Highway,490,174644417,Sandover Highway,secondary,TARGET,441.21108326942425
15417,Sandover Highway,491,174644417,Sandover Highway,secondary,TARGET,895.0442234886367
15417,Sandover Highway,492,174644417,Sandover Highway,secondary,TARGET,541.6594658086287
15417,Sandover Highway,493,174644417,Sandover Highway,secondary,TARGET,566.139605132886
15417,Sandover Highway,494,174644417,Sandover Highway,secondary,TARGET,740.2079222759395
15417,Sandover Highway,495,174644417,Sandover Highway,secondary,TARGET,612.4711824238672
15417,Sandover Highway,496,174644417,Sandover Highway,secondary,TARGET,373.0885784903406
15417,Sandover Highway,497,174644417,Sandover Highway,secondary,TARGET,225.47944230024393
15417,Sandover Highway,498,174644417,Sandover Highway,secondary,TARGET,368.53466214178974
15417,Sandover Highway,499,174644417,Sandover Highway,secondary,TARGET,197.49810454812814
15417,Sandover Highway,500,174644417,Sandover Highway,secondary,TARGET,10.957303500484183
15417,Sandover Highway,501,174644417,Sandover Highway,secondary,TARGET,160.5409296718247
15417,Sandover Highway,502,174644417,Sandover Highway,secondary,TARGET,265.3303482453805
15417,Sandover Highway,503,174644417,Sandover Highway,secondary,TARGET,53.31499320102257
15417,Sandover Highway,504,174644417,Sandover Highway,secondary,TARGET,181.94801922524098
15417,Sandover Highway,505,174644417,Sandover Highway,secondary,TARGET,173.647321027546
15417,Sandover Highway,506,174644417,Sandover Highway,secondary,TARGET,430.1665176417326
15417,Sandover Highway,507,174644417,Sandover Highway,secondary,TARGET,393.63748055754286
15417,Sandover Highway,508,174644417,Sandover Highway,secondary,TARGET,356.10979486697624
15417,Sandover Highway,509,174644417,Sandover Highway,secondary,TARGET,3393.581218064567
15417,Sandover Highway,510,174644417,Sandover Highway,secondary,TARGET,639.5415630744292
15417,Sandover Highway,511,174644417,Sandover Highway,secondary,TARGET,266.4155988303012
15417,Sandover Highway,512,174644417,Sandover Highway,secondary,TARGET,245.24975392450185
15417,Sandover Highway,513,174644417,Sandover Highway,secondary,TARGET,404.75412487055144
15417,Sandover Highway,514,174644417,Sandover Highway,secondary,TARGET,391.05726332610715
15417,Sandover Highway,515,174644417,Sandover Highway,secondary,TARGET,325.738841712212
15417,Sandover Highway,516,174644417,Sandover Highway,secondary,TARGET,624.7334133853126
15417,Sandover Highway,517,174644417,Sandover Highway,secondary,TARGET,981.8488552214105
15417,Sandover Highway,518,174644417,Sandover Highway,secondary,TARGET,624.0116714453786
15417,Sandover Highway,519,174644417,Sandover Highway,secondary,TARGET,438.0338467515423
15417,Sandover Highway,520,174644417,Sandover Highway,secondary,TARGET,213.20566080691626
15417,Sandover Highway,521,174644417,Sandover Highway,secondary,TARGET,238.49630206781688
15417,Sandover Highway,522,174644417,Sandover Highway,secondary,TARGET,412.27945243460357
15417,Sandover Highway,523,174644417,Sandover Highway,secondary,TARGET,531.9934375535847
15417,Sandover Highway,524,174644417,Sandover Highway,secondary,TARGET,536.1383644172905
15417,Sandover Highway,525,174644417,Sandover Highway,secondary,TARGET,543.2442640287577
15417,Sandover Highway,526,174644417,Sandover Highway,secondary,TARGET,1642.4754468787976
15417,Sandover Highway,527,174644417,Sandover Highway,secondary,TARGET,677.2945021183943
15417,Sandover Highway,528,174644417,Sandover Highway,secondary,TARGET,302.7932028629012
15417,Sandover Highway,529,174644417,Sandover Highway,secondary,TARGET,227.63000351473602
15417,Sandover Highway,530,174644417,Sandover Highway,secondary,TARGET,229.60160713719114
15417,Sandover Highway,531,174644417,Sandover Highway,secondary,TARGET,219.06609459249415
15417,Sandover Highway,532,174644417,Sandover Highway,secondary,TARGET,207.3259293961405
15417,Sandover Highway,533,174644417,Sandover Highway,secondary,TARGET,246.25747338910793
15417,Sandover Highway,534,174644417,Sandover Highway,secondary,TARGET,156.92485972592232
15417,Sandover Highway,535,174644417,Sandover Highway,secondary,TARGET,179.16317757853346
15417,Sandover Highway,536,174644417,Sandover Highway,secondary,TARGET,189.96957677468998
15417,Sandover Highway,537,174644417,Sandover Highway,secondary,TARGET,146.14286879619232
15417,Sandover Highway,538,174644417,Sandover Highway,secondary,TARGET,95.8265187722219
15417,Sandover Highway,539,174644417,Sandover Highway,secondary,TARGET,105.30933481900475
15417,Sandover Highway,540,174644417,Sandover Highway,secondary,TARGET,130.17563520101672
15417,Sandover Highway,541,174644417,Sandover Highway,secondary,TARGET,150.93562369435168
15417,Sandover Highway,542,174644417,Sandover Highway,secondary,TARGET,275.3921612899502
15417,Sandover Highway,543,174644417,Sandover Highway,secondary,TARGET,249.30302846143942
15417,Sandover Highway,544,174644417,Sandover Highway,secondary,TARGET,238.64527420421135
15417,Sandover Highway,545,174644417,Sandover Highway,secondary,TARGET,257.185319954218
15417,Sandover Highway,546,174644417,Sandover Highway,secondary,TARGET,741.18514137841
15417,Sandover Highway,547,174644417,Sandover Highway,secondary,TARGET,7245.707802002473
15417,Sandover Highway,548,174644417,Sandover Highway,secondary,TARGET,458.104746973847
15417,Sandover Highway,549,174644417,Sandover Highway,secondary,TARGET,290.2383368888432
15417,Sandover Highway,550,174644417,Sandover Highway,secondary,TARGET,122.55590275466325
15417,Sandover Highway,551,174644417,Sandover Highway,secondary,TARGET,391.76692484177136
15417,Sandover Highway,552,174644417,Sandover Highway,secondary,TARGET,379.79363672914684
15417,Sandover Highway,553,174644417,Sandover Highway,secondary,TARGET,766.798269233883
15417,Sandover Highway,554,174644417,Sandover Highway,secondary,TARGET,4114.628276041502
15417,Sandover Highway,555,174644417,Sandover Highway,secondary,TARGET,1400.0285693156336
15417,Sandover Highway,556,174644417,Sandover Highway,secondary,TARGET,720.7267344839652
15417,Sandover Highway,557,174644417,Sandover Highway,secondary,TARGET,2319.4140091842864
15417,Sandover Highway,558,174644417,Sandover Highway,secondary,TARGET,1315.982374691994
15417,Sandover Highway,559,174644417,Sandover Highway,secondary,TARGET,1626.537282019598
15417,Sandover Highway,560,174644417,Sandover Highway,secondary,TARGET,800.1062589431887
15417,Sandover Highway,561,174644417,Sandover Highway,secondary,TARGET,1022.3334350885883
15417,Sandover Highway,562,174644417,Sandover Highway,secondary,TARGET,1017.5653604559874
15417,Sandover Highway,563,174644417,Sandover Highway,secondary,TARGET,493.46984507675967
15417,Sandover Highway,564,174644417,Sandover Highway,secondary,TARGET,165.06018114611345
15417,Sandover Highway,565,174644417,Sandover Highway,secondary,TARGET,379.43005271069256
15417,Sandover Highway,566,174644417,Sandover Highway,secondary,TARGET,268.8067478691562
15417,Sandover Highway,567,174644417,Sandover Highway,secondary,TARGET,255.96882622691604
15417,Sandover Highway,568,174644417,Sandover Highway,secondary,TARGET,2053.863122824902
15417,Sandover Highway,569,174644417,Sandover Highway,secondary,TARGET,1030.3800897241824
15417,Sandover Highway,570,174644417,Sandover Highway,secondary,TARGET,1024.3165183184306
15417,Sandover Highway,571,174644417,Sandover Highway,secondary,TARGET,1423.4142394257183
15417,Sandover Highway,572,174644417,Sandover Highway,secondary,TARGET,283.33258072443874
15417,Sandover Highway,573,174644417,Sandover Highway,secondary,TARGET,214.52390472860574
15417,Sandover Highway,574,174644417,Sandover Highway,secondary,TARGET,158.91341825034507
15417,Sandover Highway,575,174644417,Sandover Highway,secondary,TARGET,210.87663905702257
15417,Sandover Highway,576,174644417,Sandover Highway,secondary,TARGET,225.7117633177231
15417,Sandover Highway,577,174644417,Sandover Highway,secondary,TARGET,247.99689110962228
15417,Sandover Highway,578,174644417,Sandover Highway,secondary,TARGET,263.522676253872
15417,Sandover Highway,579,174644417,Sandover Highway,secondary,TARGET,293.0857628750223
15417,Sandover Highway,580,174644417,Sandover Highway,secondary,TARGET,295.6523539564314
15417,Sandover Highway,581,174644417,Sandover Highway,secondary,TARGET,422.0430937711574
15417,Sandover Highway,582,174644417,Sandover Highway,secondary,TARGET,851.5053226492481
15417,Sandover Highway,583,174644417,Sandover Highway,secondary,TARGET,725.0751501051566
15417,Sandover Highway,584,174644417,Sandover Highway,secondary,TARGET,695.8075809446007
15417,Sandover Highway,585,174644417,Sandover Highway,secondary,TARGET,317.98844570207063
15417,Sandover Highway,586,174644417,Sandover Highway,secondary,TARGET,1017.9392536393565
15417,Sandover Highway,587,174644417,Sandover Highway,secondary,TARGET,634.0397707558584
15417,Sandover Highway,588,174644417,Sandover Highway,secondary,TARGET,704.3377740829106
15417,Sandover Highway,589,174644417,Sandover Highway,secondary,TARGET,360.27891251085236
15417,Sandover Highway,590,174644417,Sandover Highway,secondary,TARGET,342.91628555657536
15417,Sandover Highway,591,174644417,Sandover Highway,secondary,TARGET,629.3467432981608
15417,Sandover Highway,592,174644417,Sandover Highway,secondary,TARGET,630.7623902865333
15417,Sandover Highway,593,174644417,Sandover Highway,secondary,TARGET,1076.61595032781
15417,Sandover Highway,594,174644417,Sandover Highway,secondary,TARGET,1077.1147868264243
15417,Sandover Highway,595,174644417,Sandover Highway,secondary,TARGET,712.0224912880495
15417,Sandover Highway,596,174644417,Sandover Highway,secondary,TARGET,457.86530912476303
15417,Sandover Highway,597,174644417,Sandover Highway,secondary,TARGET,481.88128216391016
15417,Sandover Highway,598,174644417,Sandover Highway,secondary,TARGET,516.1036008400387
15417,Sandover Highway,599,174644417,Sandover Highway,secondary,TARGET,797.5794627497238
15417,Sandover Highway,600,174644417,Sandover Highway,secondary,TARGET,639.5696492171897
15417,Sandover Highway,601,174644417,Sandover Highway,secondary,TARGET,397.0416424003658
15417,Sandover Highway,602,174644417,Sandover Highway,secondary,TARGET,203.70586638574966
15417,Sandover Highway,603,174644417,Sandover Highway,secondary,TARGET,173.24057781029094
15417,Sandover Highway,604,174644417,Sandover Highway,secondary,TARGET,505.44388976420856
15417,Sandover Highway,605,174644417,Sandover Highway,secondary,TARGET,192.3662738112238
15417,Sandover Highway,606,174644417,Sandover Highway,secondary,TARGET,198.40017263090186
15417,Sandover Highway,607,174644417,Sandover Highway,secondary,TARGET,558.48520428045
15417,Sandover Highway,608,174644417,Sandover Highway,secondary,TARGET,145.43262529421972
15417,Sandover Highway,609,174644417,Sandover Highway,secondary,TARGET,208.01376228513797
15417,Sandover Highway,610,174644417,Sandover Highway,secondary,TARGET,205.89265164145556
15417,Sandover Highway,611,174644417,Sandover Highway,secondary,TARGET,645.1358430594852
15417,Sandover Highway,612,174644417,Sandover Highway,secondary,TARGET,985.3229150385536
15417,Sandover Highway,613,174644417,Sandover Highway,secondary,TARGET,770.5467920899282
15417,Sandover Highway,614,174644417,Sandover Highway,secondary,TARGET,241.49673455343878
15417,Sandover Highway,615,174644417,Sandover Highway,secondary,TARGET,975.9003707858113
15417,Sandover Highway,616,174644417,Sandover Highway,secondary,TARGET,1077.1726957178955
15417,Sandover Highway,617,174644417,Sandover Highway,secondary,TARGET,637.9610800825326
15417,Sandover Highway,618,174644417,Sandover Highway,secondary,TARGET,924.0404084778304
15417,Sandover Highway,619,174644417,Sandover Highway,secondary,TARGET,589.2209131556972
15417,Sandover Highway,620,174644417,Sandover Highway,secondary,TARGET,560.6001699071915
15417,Sandover Highway,621,174644417,Sandover Highway,secondary,TARGET,622.9716778473384
15417,Sandover Highway,622,174644417,Sandover Highway,secondary,TARGET,359.89026452522415
15417,Sandover Highway,623,174644417,Sandover Highway,secondary,TARGET,87.2755750483053
15417,Sandover Highway,624,174644417,Sandover Highway,secondary,TARGET,72.47915631399218
